dataset,outcome,scaling,model,beta,se,p,sig,mean_y,n
census,mig_out_internal_share,log,M2,0.09754195784770214,0.08018784889768545,0.22769142257932423,,0.28081828596264663,150
census,mig_out_internal_share,log,M3,0.09970687884408795,0.08473765967053462,0.24310489372558747,,0.28081828596264663,150
census,mig_out_internal_share,log,M4,0.18086162193469282,0.11477277382022096,0.11933232332666104,,0.28081828596264663,150
census,mig_in_internal_share,log,M2,-0.2756318105359875,0.10197108073243533,0.008517593408807077,***,0.16259422527860948,150
census,mig_in_internal_share,log,M3,-0.2585754165965238,0.08495777342271042,0.003235583930840726,***,0.16259422527860948,150
census,mig_in_internal_share,log,M4,-0.16065265346807334,0.08257602295167447,0.05551187078788869,*,0.16259422527860948,150
census,net_internal_mig_share,log,M2,-0.37317376838369043,0.14264984819214094,0.010777884969662237,**,-0.11822406068403714,150
census,net_internal_mig_share,log,M3,-0.3582822954406113,0.13107531087712296,0.007836789850403808,***,-0.11822406068403714,150
census,net_internal_mig_share,log,M4,-0.3415142754027664,0.13140724361905998,0.011281747297190906,**,-0.11822406068403714,150
census,mig_out_economic_share,log,M2,NA,NA,NA,,0.10494938772069236,NA
census,mig_out_economic_share,log,M3,NA,NA,NA,,0.10494938772069236,NA
census,mig_out_economic_share,log,M4,NA,NA,NA,,0.10494938772069236,NA
census,mig_out_noneconomic_share,log,M2,NA,NA,NA,,0.2165745877943216,NA
census,mig_out_noneconomic_share,log,M3,NA,NA,NA,,0.2165745877943216,NA
census,mig_out_noneconomic_share,log,M4,NA,NA,NA,,0.2165745877943216,NA
census,mig_in_economic_share,log,M2,NA,NA,NA,,0.06023884141379397,NA
census,mig_in_economic_share,log,M3,NA,NA,NA,,0.06023884141379397,NA
census,mig_in_economic_share,log,M4,NA,NA,NA,,0.06023884141379397,NA
census,mig_in_noneconomic_share,log,M2,NA,NA,NA,,0.12079686880374516,NA
census,mig_in_noneconomic_share,log,M3,NA,NA,NA,,0.12079686880374516,NA
census,mig_in_noneconomic_share,log,M4,NA,NA,NA,,0.12079686880374516,NA
census,ind_agri_forestry_fish,log,M2,-0.023595417924513473,0.05305846285782353,0.6578302083896768,,0.6723312400225293,150
census,ind_agri_forestry_fish,log,M3,-0.02632811512412822,0.05479575609269434,0.6323054750789827,,0.6723312400225293,150
census,ind_agri_forestry_fish,log,M4,-0.14016622074235488,0.07712637596094687,0.07321063293583521,*,0.6723312400225293,150
census,occ_share_managers,log,M2,-0.026396080781748356,0.0183961585612125,0.1555373900978898,,0.030232629735443186,150
census,occ_share_managers,log,M3,-0.021583417326429356,0.014432047275461409,0.13903143357113765,,0.030232629735443186,150
census,occ_share_managers,log,M4,-0.02110024050845274,0.0128520427444979,0.10487886175686788,,0.030232629735443186,150
census,emp_share_employee,log,M2,-0.00818300439659364,0.032288697596952215,0.8006368138202724,,0.24033419163725314,150
census,emp_share_employee,log,M3,-0.005526425802890333,0.03296503302848281,0.8673198115800247,,0.24033419163725314,150
census,emp_share_employee,log,M4,0.06854936261825151,0.04310642048841533,0.11604517088350338,,0.24033419163725314,150
census,amen_asset_count_mean,log,M2,0.190104114777359,0.26630517051470604,0.47756046629862414,,2.6705043117619964,150
census,amen_asset_count_mean,log,M3,0.12933103277799268,0.2893877724364519,0.6562434734785361,,2.6705043117619964,150
census,amen_asset_count_mean,log,M4,0.15042588591178382,0.4469639169138349,0.737408400702843,,2.6705043117619964,150
census,amen_assets_mobile,log,M2,0.2509680356567596,0.1483561023573544,0.0949182838382345,*,0.7470649352102644,150
census,amen_assets_mobile,log,M3,0.219415136395199,0.10065467821784593,0.03244764285210898,**,0.7470649352102644,150
census,amen_assets_mobile,log,M4,0.2036554892401278,0.1102097104346362,0.0686142773464736,*,0.7470649352102644,150
census,amen_assets_radio,log,M2,0.24164216899405844,0.09896360145941588,0.017006858571848013,**,0.46209782668021426,150
census,amen_assets_radio,log,M3,0.2195172977707585,0.07920405163124987,0.007052453365442994,***,0.46209782668021426,150
census,amen_assets_radio,log,M4,0.2245302794341422,0.0854344292886759,0.010434352298223357,**,0.46209782668021426,150
census,amen_assets_tv,log,M2,0.10709681110858416,0.07555847638679684,0.16056198458753904,,0.32265837822172727,150
census,amen_assets_tv,log,M3,0.12032754530266301,0.0776801317625292,0.12564496576048684,,0.32265837822172727,150
census,amen_assets_tv,log,M4,0.16491333762648816,0.08295789719975685,0.050520710754586216,*,0.32265837822172727,150
census,amen_assets_fridge,log,M2,-0.0953133661765948,0.07011258414272065,0.17813766993130942,,0.0828334659495331,150
census,amen_assets_fridge,log,M3,-0.08242235233609559,0.05645879914220064,0.14855902141559932,,0.0828334659495331,150
census,amen_assets_fridge,log,M4,-0.085321517662689,0.08346146069494285,0.3099757968566133,,0.0828334659495331,150
census,amen_assets_computer,log,M2,-0.044472570579089155,0.02758917611715498,0.11122847586325287,,0.06344272882575051,150
census,amen_assets_computer,log,M3,-0.03951134006517915,0.020151119962233326,0.05367183587574965,*,0.06344272882575051,150
census,amen_assets_computer,log,M4,-0.03449142162973616,0.019293210979589526,0.07791055779828429,*,0.06344272882575051,150
census,amen_assets_internet,log,M2,-0.2335393085898323,0.16136399478301403,0.15204098929087004,,0.14575822839952254,150
census,amen_assets_internet,log,M3,-0.2057445057838553,0.12235463511767425,0.0968736310976476,*,0.14575822839952254,150
census,amen_assets_internet,log,M4,-0.16023871518727495,0.11458223973517287,0.16615183425288924,,0.14575822839952254,150
census,amen_assets_landline,log,M2,0.11578792471720181,0.040887242947457665,0.00595710520568441,***,0.037715122099921734,150
census,amen_assets_landline,log,M3,0.11065763489105139,0.035259351272902716,0.002439656608233213,***,0.037715122099921734,150
census,amen_assets_landline,log,M4,0.1038200801930988,0.02529377573603662,1.0314701183020627e-4,***,0.037715122099921734,150
census,amen_assets_cycle,log,M2,-3.60939606818822e-4,0.018819072263587745,0.9847495646707951,,0.19409742897579932,150
census,amen_assets_cycle,log,M3,-0.0010768775463792116,0.02022056742050215,0.9576710153572507,,0.19409742897579932,150
census,amen_assets_cycle,log,M4,0.008395651392750777,0.026983389426254886,0.756567885302212,,0.19409742897579932,150
census,amen_assets_motorcycle,log,M2,-0.12069139480692304,0.05698989966838471,0.03755401774995409,**,0.109258261573453,150
census,amen_assets_motorcycle,log,M3,-0.12436015337307052,0.06052188577992164,0.043429394147466154,**,0.109258261573453,150
census,amen_assets_motorcycle,log,M4,-0.06861192350114896,0.08918274550673554,0.4441397987433606,,0.109258261573453,150
census,amen_assets_car,log,M2,-0.020684184751535627,0.013602131710715488,0.1326074024140884,,0.013279045988719849,150
census,amen_assets_car,log,M3,-0.01770260402648292,0.009732349754188404,0.07296559642119137,*,0.013279045988719849,150
census,amen_assets_car,log,M4,-0.01799704002449616,0.008704727803581388,0.0421839008559394,**,0.013279045988719849,150
census,amen_cooking_modern,log,M2,-0.02936106251892534,0.06145734933452878,0.6342385167950149,,0.20949145011021508,150
census,amen_cooking_modern,log,M3,-0.03941941232843833,0.06190667991337858,0.5262491052287046,,0.20949145011021508,150
census,amen_cooking_modern,log,M4,0.12224247054940063,0.10882760722688109,0.2649550733862024,,0.20949145011021508,150
census,amen_cooking_traditional,log,M2,0.03154599529432378,0.06238234652972229,0.6145788349771311,,0.7870355773084722,150
census,amen_cooking_traditional,log,M3,0.04085307500906372,0.06269780864609456,0.5166862268967836,,0.7870355773084722,150
census,amen_cooking_traditional,log,M4,-0.12744673521822497,0.10898347239573822,0.24599008302547284,,0.7870355773084722,150
census,amen_cooking_lpg,log,M2,0.005396371213619577,0.06431336386680363,0.9333565833140092,,0.19353055748020517,150
census,amen_cooking_lpg,log,M3,-7.044955471060194e-4,0.06772544764131526,0.991728365704574,,0.19353055748020517,150
census,amen_cooking_lpg,log,M4,0.14041878817657463,0.11240542990611888,0.21552275175842361,,0.19353055748020517,150
census,amen_cooking_electric,log,M2,-0.003024716764213106,0.0036209836518131026,0.40622079014766543,,0.0022737123560977244,150
census,amen_cooking_electric,log,M3,-0.0036082869956965127,0.004279156287895204,0.4018206216260086,,0.0022737123560977244,150
census,amen_cooking_electric,log,M4,-0.007841133616239582,0.005482148476396356,0.15683905006719295,,0.0022737123560977244,150
census,amen_cooking_biogas,log,M2,-0.03448134544559267,0.02250945296871448,0.1298209989419648,,0.013938854671742374,150
census,amen_cooking_biogas,log,M3,-0.03767827368269461,0.020222435938738504,0.06640344985633566,*,0.013938854671742374,150
census,amen_cooking_biogas,log,M4,-0.008899820213283387,0.027391542412527982,0.746165025496509,,0.013938854671742374,150
census,amen_cooking_wood,log,M2,-0.03010919414545521,0.07875974565781928,0.7033407852429381,,0.7406038568884844,150
census,amen_cooking_wood,log,M3,-0.033065332801145625,0.0832104742327559,0.6922386340221883,,0.7406038568884844,150
census,amen_cooking_wood,log,M4,-0.13070238564410352,0.10823172747959725,0.23104050195510514,,0.7406038568884844,150
census,amen_cooking_kerosene,log,M2,0.025418822926876406,0.0075617252253358394,0.0012292126174854078,***,0.003946411261069701,150
census,amen_cooking_kerosene,log,M3,0.025152902606200258,0.00706957128206779,6.567274402869764e-4,***,0.003946411261069701,150
census,amen_cooking_kerosene,log,M4,0.013532828313482804,0.006005883540649428,0.02720570379826009,**,0.003946411261069701,150
census,amen_lighting_electricity,log,M2,0.15870219059613166,0.17297370287364178,0.3618649434814103,,0.8460781329705712,150
census,amen_lighting_electricity,log,M3,0.11075386646274596,0.10292425126868868,0.28539104044997343,,0.8460781329705712,150
census,amen_lighting_electricity,log,M4,-0.028936238245968575,0.11571256746298147,0.8032261745499188,,0.8460781329705712,150
census,amen_lighting_kerosene,log,M2,0.03845531428446858,0.10738548949061268,0.7212840072926667,,0.08884229048755674,150
census,amen_lighting_kerosene,log,M3,0.07379654411542215,0.09020540525236674,0.41592977749007487,,0.08884229048755674,150
census,amen_lighting_kerosene,log,M4,-0.029357033368305103,0.1029381761400917,0.7762945653594481,,0.08884229048755674,150
census,amen_lighting_biogas,log,M2,0.0012679530559590313,0.0020429563295317737,0.5367393408218907,,0.0015173938322894714,150
census,amen_lighting_biogas,log,M3,0.00118492776992804,0.0019177481764423305,0.5385549868319295,,0.0015173938322894714,150
census,amen_lighting_biogas,log,M4,-6.6593579591583e-4,0.0032319002610013,0.8373170293025115,,0.0015173938322894714,150
census,amen_lighting_others,log,M2,-0.45945485633165006,0.23345276191643916,0.05280507658131415,*,0.12951027895959666,150
census,amen_lighting_others,log,M3,-0.43969077408344415,0.21344524744632537,0.04291847114298365,**,0.12951027895959666,150
census,amen_lighting_others,log,M4,-0.037831773015696214,0.26692366372052273,0.8876764150203429,,0.12951027895959666,150
census,amen_water_piped,log,M2,0.07612123691640116,0.1036687660952864,0.46510234514212556,,0.6518371369330124,150
census,amen_water_piped,log,M3,0.053975690993131126,0.08067643468974361,0.50555246478132565,,0.6518371369330124,150
census,amen_water_piped,log,M4,-0.011850831964408014,0.07602902749385802,0.8765579817375924,,0.6518371369330124,150
census,amen_water_traditional,log,M2,0.06289498494025159,0.07931059117339016,0.4303007324600514,,0.3296929865404078,150
census,amen_water_traditional,log,M3,0.07647197550008354,0.07207401534002665,0.29213146653083266,,0.3296929865404078,150
census,amen_water_traditional,log,M4,0.12899390608939215,0.07674778810435559,0.09702799748290841,*,0.3296929865404078,150
census,amen_toilet_any,log,M2,0.10098092233757061,0.24589920280389876,0.6825086837053878,,0.777379905666688,150
census,amen_toilet_any,log,M3,0.04386155978103343,0.18699982605025559,0.8152026849853315,,0.777379905666688,150
census,amen_toilet_any,log,M4,0.11332381469618653,0.17348574562205638,0.5156409574614391,,0.777379905666688,150
census,amen_toilet_modern,log,M2,0.1428602799324974,0.2345135939503594,0.5442729092456324,,0.5053664511600996,150
census,amen_toilet_modern,log,M3,0.11056954505263177,0.2026125922701517,0.5869004470731913,,0.5053664511600996,150
census,amen_toilet_modern,log,M4,0.10740818814556609,0.20030522664422018,0.5934130132610633,,0.5053664511600996,150
census,amen_toilet_ordinary,log,M2,-0.042293849359936075,0.25774183326498845,0.8701046403025108,,0.2699072472938189,150
census,amen_toilet_ordinary,log,M3,-0.06656563564170923,0.25954296472784544,0.7982976922213691,,0.2699072472938189,150
census,amen_toilet_ordinary,log,M4,0.00469555892550265,0.20640467195702436,0.9819114938517477,,0.2699072472938189,150
census,amen_toilet_none,log,M2,-0.09913317279531597,0.24511604142525387,0.6870604571179018,,0.2191812354565218,150
census,amen_toilet_none,log,M3,-0.04276403710467898,0.18644165347065994,0.8192144850441008,,0.2191812354565218,150
census,amen_toilet_none,log,M4,-0.11838457305342767,0.1729661245577959,0.49583672389940014,,0.2191812354565218,150
hh,has_migrant_intl,log,M2,-0.007056294825395125,0.014027170364198906,0.6171865648009034,,0.31989293239933936,17362
hh,has_migrant_intl,log,M3,-0.015745601850911388,0.014336628669943674,0.27745066506316607,,0.31989293239933936,17362
hh,has_migrant_intl,log,M4,-0.0018278454610294401,0.01366842372817938,0.8941657146718271,,0.31989293239933936,17362
hh,n_intl_migrants,log,M2,-0.002152632888824821,0.022948580823921604,0.9256486076467013,,0.4102739335953072,17362
hh,n_intl_migrants,log,M3,-0.020324778588923172,0.02265410843235484,0.37401074997785566,,0.4102739335953072,17362
hh,n_intl_migrants,log,M4,0.006469513088199407,0.022392777033572918,0.7738685026044694,,0.4102739335953072,17362
hh,remit_amount_intl_12m_rs,log,M2,-11709.983738232797,5768.039941306166,0.04778826752086719,**,58574.23475140953,17362
hh,remit_amount_intl_12m_rs,log,M3,-10094.226151869796,4393.505368936645,0.025898594390788853,**,58574.23475140953,17362
hh,remit_amount_intl_12m_rs,log,M4,-8254.681099357069,4878.103611972664,0.09696020276649706,*,58574.23475140953,17362
hh,remit_received,log,M2,-0.023853945688865903,0.016810308918241736,0.16222702064044972,,0.3380033031493821,17362
hh,remit_received,log,M3,-0.02898183263462316,0.017298130372469578,0.10022053993292189,,0.3380033031493821,17362
hh,remit_received,log,M4,-0.004961178071451602,0.017729175902457615,0.7807848647864597,,0.3380033031493821,17362
hh,share_self_wet,log,M2,-0.01251797883499078,0.011580728273156458,0.2850188715594984,,0.8571110162590192,14826
hh,share_self_wet,log,M3,-0.01166622656438987,0.009740340424067089,0.23678675297012197,,0.8571110162590192,14826
hh,share_self_wet,log,M4,-0.011972887120681331,0.012663369259330166,0.34905606648939436,,0.8571110162590192,14826
hh,share_self_dry,log,M2,0.037508346426082306,0.024538706755908548,0.1328093310359761,,0.7010487508585136,14826
hh,share_self_dry,log,M3,0.029162606952395583,0.02050292146269391,0.1612557164177713,,0.7010487508585136,14826
hh,share_self_dry,log,M4,0.02979834519094597,0.02694057797583505,0.2740943429730985,,0.7010487508585136,14826
hh,share_both_seasons,log,M2,0.03467070665012739,0.023655405286789485,0.149129793192357,,0.6957078665816288,14826
hh,share_both_seasons,log,M3,0.027083549357483486,0.020035610957415635,0.18265601265736683,,0.6957078665816288,14826
hh,share_both_seasons,log,M4,0.027531060959456594,0.026344926323696727,0.3011403162036977,,0.6957078665816288,14826
hh,share_fallow_wet,log,M2,0.015659113284098747,0.00841259982257734,0.06869360384991202,*,0.06499779148729105,14826
hh,share_fallow_wet,log,M3,0.013574094463639559,0.0071794766708702384,0.06458779963681012,*,0.06499779148729105,14826
hh,share_fallow_wet,log,M4,0.013894256077673528,0.007882054706154835,0.08417523796313478,*,0.06499779148729105,14826
hh,share_fallow_dry,log,M2,-0.03964539449306276,0.026034931960148232,0.13424267324195877,,0.23076665346719177,14826
hh,share_fallow_dry,log,M3,-0.03077095674775987,0.021403565687211155,0.15688769816542505,,0.23076665346719177,14826
hh,share_fallow_dry,log,M4,-0.030972210876614784,0.02790829067500801,0.27250836439659254,,0.23076665346719177,14826
hh,share_rented_out_wet,log,M2,-0.0036643226441303543,0.007491881644778109,0.6269490696481059,,0.06998954918443068,14840
hh,share_rented_out_wet,log,M3,-5.875407579389235e-4,0.006118799490927175,0.9238945664495933,,0.06998954918443068,14840
hh,share_rented_out_wet,log,M4,0.002294556764645307,0.007647818542475992,0.7654252506342311,,0.06998954918443068,14840
hh,owns_plough,log,M2,-0.03823212133195398,0.02677174746804872,0.15961271858863255,,0.6262130856725451,8172
hh,owns_plough,log,M3,-0.03751900371829292,0.025032322506431278,0.1403351842185644,,0.6262130856725451,8172
hh,owns_plough,log,M4,-0.05065059644820645,0.04122594090967138,0.2250863889064998,,0.6262130856725451,8172
hh,owns_powered_machinery,log,M2,-1.964952217704541e-4,0.0037223321064985947,0.9581152884886721,,0.027131378482729833,8172
hh,owns_powered_machinery,log,M3,-4.1673458548679475e-5,0.003441076139526189,0.9903865591833885,,0.027131378482729833,8172
hh,owns_powered_machinery,log,M4,0.004666202107304754,0.004822666593091499,0.338017515006809,,0.027131378482729833,8172
hh,owns_irrigation_kit,log,M2,0.0217090359314486,0.023165000119510077,0.3532786555009937,,0.0976729625378274,8172
hh,owns_irrigation_kit,log,M3,0.01857310456972512,0.020666946287340237,0.3732147458224465,,0.0976729625378274,8172
hh,owns_irrigation_kit,log,M4,-0.030530768056069555,0.0324602285453172,0.3515446509506118,,0.0976729625378274,8172
hh,owns_storage_struct,log,M2,-0.09192033190394489,0.051066451677557544,0.07801629646242421,*,0.2385474277366169,8172
hh,owns_storage_struct,log,M3,-0.09957902723932179,0.04554364128589223,0.03358776746700627,**,0.2385474277366169,8172
hh,owns_storage_struct,log,M4,-0.01897738920600682,0.06519055876673001,0.7721986556313982,,0.2385474277366169,8172
hh,owns_transport,log,M2,0.005559752337308861,0.008269157629196227,0.5045203663616398,,0.026296566837107377,8172
hh,owns_transport,log,M3,0.004385648240742619,0.00744011747746849,0.558261273460818,,0.026296566837107377,8172
hh,owns_transport,log,M4,-0.01331375349547716,0.010795855021603247,0.22337410094534532,,0.026296566837107377,8172
hh,n_equip_categories,log,M2,-0.1030801601889102,0.06155359765023739,0.1003765833973791,,1.0158614212668267,8172
hh,n_equip_categories,log,M3,-0.1141809516056936,0.05699276791916361,0.05067767437855659,*,1.0158614212668267,8172
hh,n_equip_categories,log,M4,-0.10880630509845582,0.09075894176499393,0.23635228013515538,,1.0158614212668267,8172
hh,n_powered_types,log,M2,-6.108631257972447e-4,0.0036984648587014505,0.8694923351537786,,0.029844516331002817,8172
hh,n_powered_types,log,M3,-4.0223213491825515e-4,0.003418970358749526,0.906828170340527,,0.029844516331002817,8172
hh,n_powered_types,log,M4,0.003902468037110568,0.006254474242321143,0.5355557499003032,,0.029844516331002817,8172
hh,equip_stock_value_rs,log,M2,-1871.2627956797387,1622.6604469283832,0.25442006697744574,,16462.050741282106,8165
hh,equip_stock_value_rs,log,M3,-1665.97213358205,1617.6022942582315,0.308112964342612,,16462.050741282106,8165
hh,equip_stock_value_rs,log,M4,96.39996238571518,4925.595231669344,0.9844648918336081,,16462.050741282106,8165
hh,total_input_cost_rs,log,M2,-553.9457381407283,713.4088306795477,0.4411994189117425,,7324.949370693092,17362
hh,total_input_cost_rs,log,M3,-587.6671950547542,685.2955388366075,0.39532244080001544,,7324.949370693092,17362
hh,total_input_cost_rs,log,M4,-2075.456216077327,993.1405172913949,0.04184938210286274,**,7324.949370693092,17362
hh,wet_cost_seed,log,M2,-114.06120367648971,67.94415791616369,0.09956804482104291,*,501.2647439452764,15506
hh,wet_cost_seed,log,M3,-106.20966072730134,64.02562237567359,0.10353206831077495,,501.2647439452764,15506
hh,wet_cost_seed,log,M4,-166.7169014509876,101.65335655606525,0.10739916314387142,,501.2647439452764,15506
hh,dry_cost_seed,log,M2,-57.88209637121395,61.6127291387883,0.35210776064751215,,419.4705121094472,15506
hh,dry_cost_seed,log,M3,-62.45649671096353,59.63796620530767,0.3001178726637719,,419.4705121094472,15506
hh,dry_cost_seed,log,M4,-117.01895253561622,92.03142286906771,0.20954935549341555,,419.4705121094472,15506
hh,wet_cost_fert,log,M2,76.56854547444969,145.09606050804376,0.6000826992078092,,1573.4194860417822,15506
hh,wet_cost_fert,log,M3,26.18760230959726,119.84917844973162,0.8279434599058126,,1573.4194860417822,15506
hh,wet_cost_fert,log,M4,-213.29701510247384,170.5385578270054,0.21697390800577132,,1573.4194860417822,15506
hh,dry_cost_fert,log,M2,145.35601502880368,100.47991540901393,0.15437111609198165,,996.2495840266223,15506
hh,dry_cost_fert,log,M3,158.4859971190475,119.97220734677995,0.1926299391679423,,996.2495840266223,15506
hh,dry_cost_fert,log,M4,-36.359736317953455,130.04807146240202,0.7809712829171195,,996.2495840266223,15506
hh,wet_cost_labour,log,M2,100.88546555195302,155.2418352764851,0.518817784294966,,1707.2348554877674,15506
hh,wet_cost_labour,log,M3,61.71299414797457,127.0946725724863,0.629438307510337,,1707.2348554877674,15506
hh,wet_cost_labour,log,M4,-100.41993541411935,159.25542974279819,0.5312589822797491,,1707.2348554877674,15506
hh,dry_cost_labour,log,M2,193.42711016260733,125.69266410473536,0.13026464186265965,,824.7865286251309,15506
hh,dry_cost_labour,log,M3,126.73785474786155,92.62424990362324,0.1774595748870006,,824.7865286251309,15506
hh,dry_cost_labour,log,M4,91.5490799466426,131.6873012676366,0.4902135018893343,,824.7865286251309,15506
hh,wet_cost_insect,log,M2,-14.882641908464258,38.77819133251067,0.7027951861883915,,199.78535773710482,15506
hh,wet_cost_insect,log,M3,-29.475374351955512,38.540943769268225,0.4480697841255149,,199.78535773710482,15506
hh,wet_cost_insect,log,M4,-79.67827156744006,60.33522834538074,0.1927722056463186,,199.78535773710482,15506
hh,dry_cost_insect,log,M2,7.186191884123563,24.54581745973371,0.7709368959930789,,159.09441055031738,15506
hh,dry_cost_insect,log,M3,6.854486891107558,26.27372312869188,0.795272589545081,,159.09441055031738,15506
hh,dry_cost_insect,log,M4,-21.99869893389089,34.06777570572208,0.5214646915356559,,159.09441055031738,15506
hh,input_intensity_per_sqm,log,M2,-0.5227437350381636,0.25706122567061895,0.04743227316264453,**,2.478957789733526,13310
hh,input_intensity_per_sqm,log,M3,-0.44904659627120247,0.2147484242272902,0.041732642175157174,**,2.478957789733526,13310
hh,input_intensity_per_sqm,log,M4,-0.8222833427565306,0.33359312702741134,0.01725640626600204,**,2.478957789733526,13310
hh,food_exp_total_7day,log,M2,-147.74850945544154,93.4445248077352,0.12028113255768591,,2224.8898280084286,17362
hh,food_exp_total_7day,log,M3,-150.84274422985192,93.31494902003553,0.1124091619220409,,2224.8898280084286,17362
hh,food_exp_total_7day,log,M4,-109.30028732221956,116.1990575812183,0.35150888332010677,,2224.8898280084286,17362
hh,food_exp_purchased_7day,log,M2,-73.26649630637681,41.99190688216846,0.08729332909904583,*,812.7218520416881,17362
hh,food_exp_purchased_7day,log,M3,-56.506433345905556,38.79671759033277,0.15163984039734205,,812.7218520416881,17362
hh,food_exp_purchased_7day,log,M4,-61.81286469694282,50.49346118187008,0.22673945210390364,,812.7218520416881,17362
hh,food_exp_homeprod_7day,log,M2,-69.13722850176933,58.10977159263455,0.23987007144511696,,1369.1416077225354,17362
hh,food_exp_homeprod_7day,log,M3,-91.430318386177035,57.8915304944723,0.12069299614354873,,1369.1416077225354,17362
hh,food_exp_homeprod_7day,log,M4,-50.0830098899246,76.91891723486998,0.5180146842180018,,1369.1416077225354,17362
hh,nonfood_exp_12m,log,M2,-14801.369756945787,8016.153259208121,0.07087226385000316,*,90491.57311350305,17362
hh,nonfood_exp_12m,log,M3,-19007.43523417763,7194.126088393031,0.011029707641155703,**,90491.57311350305,17362
hh,nonfood_exp_12m,log,M4,-18604.440506446317,9017.462473120215,0.04441700546902986,**,90491.57311350305,17362
hh,edu_spend_total_12m,log,M2,-3390.358093203881,947.2780772838985,7.892179964695593e-4,***,15282.306198870838,16961
hh,edu_spend_total_12m,log,M3,-3064.037478864176,956.0670476347527,0.002378845985775124,***,15282.306198870838,16961
hh,edu_spend_total_12m,log,M4,-4982.4427329905275,1112.7161664690577,4.5144121995092813e-05,***,15282.306198870838,16961
hh,hlt_spend_total,log,M2,-98.8151413111882,995.0190310091225,0.9212974810455791,,12835.019472289434,16961
hh,hlt_spend_total,log,M3,-37.56170117757529,1162.6030901092197,0.9743574555556211,,12835.019472289434,16961
hh,hlt_spend_total,log,M4,395.8297270898122,1361.1529006550566,0.7724280038833985,,12835.019472289434,16961
hh,has_enterprise,log,M2,-0.0030715786902660823,0.008804280902566079,0.7286791246257949,,0.16424625548151944,17362
hh,has_enterprise,log,M3,-0.002219645921826192,0.009168393294319902,0.8097149570281587,,0.16424625548151944,17362
hh,has_enterprise,log,M4,-0.006566250450498575,0.009263491340862275,0.4817882709372552,,0.16424625548151944,17362
hh,n_enterprises,log,M2,-0.0035560655361482375,0.009061645940134925,0.696442093352179,,0.17791445982117432,17362
hh,n_enterprises,log,M3,-0.003102204145969429,0.009454459537160361,0.7442184029433487,,0.17791445982117432,17362
hh,n_enterprises,log,M4,-0.013145264199190992,0.009632138601079948,0.17857256528346,,0.17791445982117432,17362
hh,n_workers_total,log,M2,-0.09543384273367392,0.06818137888644857,0.167901060166983,,0.3000170852554246,17362
hh,n_workers_total,log,M3,-0.09578517013552837,0.06739477976388866,0.16157597828178047,,0.3000170852554246,17362
hh,n_workers_total,log,M4,-0.14083643852522448,0.07830418101123705,0.07824603845595608,*,0.3000170852554246,17362
hh,revenue_12m,log,M2,-9159.911459444018,15595.388528881553,0.5596673054450798,,82933.0101942024,17362
hh,revenue_12m,log,M3,-11427.829807592308,14280.578875628102,0.42743705208934335,,82933.0101942024,17362
hh,revenue_12m,log,M4,-23679.811893662816,21113.68903888164,0.2675250223453042,,82933.0101942024,17362
hh,profit_12m,log,M2,-4098.8428201613715,6270.115243779678,0.5163542535166935,,24941.54484879549,17362
hh,profit_12m,log,M3,-5627.402916756267,5906.840387329344,0.34542198289183057,,24941.54484879549,17362
hh,profit_12m,log,M4,-12021.890142345788,8746.976661683762,0.1755696396847152,,24941.54484879549,17362
hh,expenses_12m,log,M2,-5061.068639283752,11867.660733178769,0.6716413156721888,,57991.46534540691,17362
hh,expenses_12m,log,M3,-5800.426890837266,10374.649887935468,0.5786426162984101,,57991.46534540691,17362
hh,expenses_12m,log,M4,-11657.921751317692,14834.422423703609,0.43572776807391134,,57991.46534540691,17362
hh,capex_12m,log,M2,61.780234607153034,3446.9559423862356,0.9857729610083028,,19331.580044421666,17362
hh,capex_12m,log,M3,-102.86858289825682,2747.0407574591195,0.9702807038363814,,19331.580044421666,17362
hh,capex_12m,log,M4,-1506.2234125123682,3589.426432522044,0.6765915019860909,,19331.580044421666,17362
hh,sector_trade,log,M2,-6.373513428377412e-4,0.007125978535485897,0.9290963937246524,,0.05080015946238396,17362
hh,sector_trade,log,M3,-5.000745480876125e-4,0.008043245663208513,0.9506778020935631,,0.05080015946238396,17362
hh,sector_trade,log,M4,-0.005783353624643216,0.011312324858740175,0.6114765840801057,,0.05080015946238396,17362
hh,sector_manufacturing,log,M2,-0.0011307552513253414,0.0025392613935403285,0.6580578411425226,,0.012244433054274162,17362
hh,sector_manufacturing,log,M3,-6.469352305496775e-4,0.0023438968237442827,0.7837023814697232,,0.012244433054274162,17362
hh,sector_manufacturing,log,M4,-4.84569826857585e-4,0.0029999522843399706,0.8723434420560817,,0.012244433054274162,17362
hh,sector_services,log,M2,0.00317795143132796,0.0012474870376832817,0.014039049097902245,**,0.004100461301896463,17362
hh,sector_services,log,M3,0.0031896687967630476,0.0013504960072130067,0.022202163567711927,**,0.004100461301896463,17362
hh,sector_services,log,M4,0.0025254303563060254,0.0015711729887343696,0.1144023967910446,,0.004100461301896463,17362
hh,sector_hotels,log,M2,5.40084692685196e-4,0.0019468288248062225,0.7826265126081519,,0.008371775158038613,17362
hh,sector_hotels,log,M3,7.032281858185361e-4,0.002455424366948461,0.775780901793083,,0.008371775158038613,17362
hh,sector_hotels,log,M4,-4.46424142684806e-4,0.0021974911462534236,0.8398577063940448,,0.008371775158038613,17362
hh,sector_transport,log,M2,-0.0030009367656350363,0.0010905402629502983,0.008285615460451779,***,0.00427131385614215,17362
hh,sector_transport,log,M3,-0.002810718059007974,0.0011162309968957111,0.01511789974601265,**,0.00427131385614215,17362
hh,sector_transport,log,M4,-0.005461786331699834,0.001359456698334221,2.0183454982619853e-4,***,0.00427131385614215,17362
nec_cs,n_firms,log,M2,-8399.286031214864,5285.874708617545,0.11644096305193481,,12311.413333333334,75
nec_cs,n_firms,log,M3,-8054.144342668631,4648.459502776293,0.08750011764894114,*,12311.413333333334,75
nec_cs,n_firms,log,M4,-9077.586287612916,3424.556301790462,0.01007685877646982,**,12311.413333333334,75
nec_cs,emp_total,log,M2,-39843.630686602264,25487.125612540123,0.12237062339655895,,43046.09333333333,75
nec_cs,emp_total,log,M3,-38075.37302383959,22211.426721671716,0.09085011241516243,*,43046.09333333333,75
nec_cs,emp_total,log,M4,-40901.64451601221,16196.741376252741,0.014008041674781934,**,43046.09333333333,75
nec_cs,mean_emp_per_firm,log,M2,-0.17464842050750315,0.09766689610897694,0.0779501520087917,*,3.216176822613978,75
nec_cs,mean_emp_per_firm,log,M3,-0.15791336176429827,0.078825743491725,0.048960561317792445,**,3.216176822613978,75
nec_cs,mean_emp_per_firm,log,M4,0.003763990977928594,0.08700154985364766,0.9656241217541783,,3.216176822613978,75
nec_cs,formality_index,log,M2,-2.4382841593077062e-4,0.0082300022411491,0.976446682033678,,0.535749238763582,75
nec_cs,formality_index,log,M3,6.786871027863807e-4,0.007106599140734653,0.9241859557077764,,0.535749238763582,75
nec_cs,formality_index,log,M4,0.0047005510826746075,0.006623225719981951,0.48042398613074233,,0.535749238763582,75
nec_cs,share_registered,log,M2,0.008879969151249835,0.010546326941770852,0.40257808929995487,,0.5115098604161161,75
nec_cs,share_registered,log,M3,0.010263690430377219,0.010332283610404301,0.3239073691907842,,0.5115098604161161,75
nec_cs,share_registered,log,M4,0.003278806803025877,0.015771621136133562,0.8359626633329422,,0.5115098604161161,75
nec_cs,share_tax_registered,log,M2,-0.01697698042680913,0.014825874051158244,0.25596343979343267,,0.6356170165928496,75
nec_cs,share_tax_registered,log,M3,-0.017452077866778545,0.015399468665597844,0.2609044952993571,,0.6356170165928496,75
nec_cs,share_tax_registered,log,M4,-0.0179936754329234,0.020255503986575264,0.3776361069606907,,0.6356170165928496,75
nec_cs,share_keeps_accounts,log,M2,0.015268351002330427,0.030768572068431758,0.6212422664340604,,0.5042506209826508,75
nec_cs,share_keeps_accounts,log,M3,0.018383834722225975,0.029210206081444767,0.5311311234821124,,0.5042506209826508,75
nec_cs,share_keeps_accounts,log,M4,0.043883270721642234,0.024397850622515562,0.0767165362845187,*,0.5042506209826508,75
nec_cs,share_emp_female,log,M2,0.004808144793978914,0.008373613806372525,0.5676208143294333,,0.3868631306396366,75
nec_cs,share_emp_female,log,M3,0.007295486673639144,0.0073641225081116255,0.32520629329385786,,0.3868631306396366,75
nec_cs,share_emp_female,log,M4,-0.0027441389137377835,0.00947755229176322,0.773089065301823,,0.3868631306396366,75
nec_cs,share_emp_foreign,log,M2,-2.1331557172288217e-4,7.611686793432755e-4,0.7800913063736297,,0.00540126246385556,75
nec_cs,share_emp_foreign,log,M3,-2.480126149027261e-4,7.9073219210988e-4,0.7547070329935053,,0.00540126246385556,75
nec_cs,share_emp_foreign,log,M4,5.397347174288447e-4,0.0012979195996866565,0.6788924221140287,,0.00540126246385556,75
nec_cs,share_firms_size_micro_1,log,M2,0.0012618207721305547,0.008833671981853848,0.8868138356329622,,0.37340937239038224,75
nec_cs,share_firms_size_micro_1,log,M3,-5.5684016214339405e-5,0.009299538951402576,0.9952392277282032,,0.37340937239038224,75
nec_cs,share_firms_size_micro_1,log,M4,-0.009310633401712625,0.00994642158668946,0.35269758509119686,,0.37340937239038224,75
nec_cs,share_firms_size_small_2_9,log,M2,0.0022187836669505414,0.008319652542763472,0.7904687489431207,,0.5815556448080867,75
nec_cs,share_firms_size_small_2_9,log,M3,0.003245095546026163,0.008820451256770095,0.7140379867292912,,0.5815556448080867,75
nec_cs,share_firms_size_small_2_9,log,M4,0.01022900659770026,0.009253304375442159,0.2730423414870454,,0.5815556448080867,75
nec_cs,share_firms_size_medium_10_50,log,M2,-0.0027409282187262534,0.0014137591549123218,0.056451503311107265,*,0.04218430838931957,75
nec_cs,share_firms_size_medium_10_50,log,M3,-0.0024719910262498233,0.0014556288060175123,0.09384340115473315,*,0.04218430838931957,75
nec_cs,share_firms_size_medium_10_50,log,M4,-6.340870453109832e-4,0.0022265422107177256,0.7767138352226582,,0.04218430838931957,75
nec_cs,share_firms_size_large_51p,log,M2,-7.396762203545939e-4,2.8265939384293514e-4,0.01080815715899889,**,0.0028506744122114135,75
nec_cs,share_firms_size_large_51p,log,M3,-7.174205035617863e-4,0.00025560580848500703,0.00645504120485247,***,0.0028506744122114135,75
nec_cs,share_firms_size_large_51p,log,M4,-2.842861506748417e-4,3.493935922609645e-4,0.41881277869722144,,0.0028506744122114135,75
nec_cs,share_borrowed_any,log,M2,0.0147385571119848,0.007729895587537498,0.06055059011726585,*,0.35052194823900695,75
nec_cs,share_borrowed_any,log,M3,0.013501031396541092,0.008116539090943654,0.10064121309061204,,0.35052194823900695,75
nec_cs,share_borrowed_any,log,M4,0.0037512545596301745,0.013180989649201048,0.7768585601792045,,0.35052194823900695,75
nec_cs,share_formal_credit,log,M2,0.009759354139398053,0.007607901377269557,0.20367923469481686,,0.27045525554193595,75
nec_cs,share_formal_credit,log,M3,0.008818218174272818,0.008224587196133257,0.28727117384484363,,0.27045525554193595,75
nec_cs,share_formal_credit,log,M4,0.0014202767365341946,0.012942652002587993,0.912956730946369,,0.27045525554193595,75
nec_cs,share_any_foreign_cap,log,M2,0.003950962046575191,0.00456009936340382,0.3891379403976918,,0.009119699923177668,75
nec_cs,share_any_foreign_cap,log,M3,0.004566406864676306,0.004803103885498325,0.34497173643743717,,0.009119699923177668,75
nec_cs,share_any_foreign_cap,log,M4,0.003065149095171793,0.004627493059271875,0.5100708970633354,,0.009119699923177668,75
nec_panel,log_n_new_firms,log,M2,-0.1187971421911666,0.15112643512034077,0.4343318372472108,,6.240685426545331,600
nec_panel,log_n_new_firms,log,M3,-0.09106126698728949,0.1188147585551192,0.44586819873020056,,6.240685426545331,600
nec_panel,log_n_new_firms,log,M4,-0.15819981544742112,0.16732289057276573,0.34749283379300144,,6.240685426545331,600
nec_panel,log_emp_new_firms,log,M2,0.01702211424516109,0.10631551032226315,0.8732311305133627,,7.187564634519539,600
nec_panel,log_emp_new_firms,log,M3,0.027259517672626146,0.09578760385576027,0.776758560400306,,7.187564634519539,600
nec_panel,log_emp_new_firms,log,M4,-0.06479631344934852,0.1491475607697149,0.6652300049398592,,7.187564634519539,600
nec_panel,log_rev_new_firms,log,M2,0.9904935581655372,0.2982062944440246,0.0013929331005987661,***,20.488250997589486,600
nec_panel,log_rev_new_firms,log,M3,1.0002383887576978,0.31062117114585214,0.0019043446110180245,***,20.488250997589486,600
nec_panel,log_rev_new_firms,log,M4,1.0403893186683806,0.5057148789842236,0.04318498782039994,**,20.488250997589486,600
nec_panel,log_cap_new_firms,log,M2,0.007453484657846232,0.4856956237341946,0.9877974445327338,,20.507080253192207,600
nec_panel,log_cap_new_firms,log,M3,-0.026698900327356175,0.4613875664116332,0.954010912698104,,20.507080253192207,600
nec_panel,log_cap_new_firms,log,M4,-0.018838899428435873,0.5527297869073232,0.972902430493503,,20.507080253192207,600
nec_panel,log_n_new_firms_size_micro_1,log,M2,-0.04167514249085702,0.2042748990343521,0.838901814498834,,5.297685873620941,600
nec_panel,log_n_new_firms_size_micro_1,log,M3,-0.009904075775628692,0.17167945437687387,0.9541515735548772,,5.297685873620941,600
nec_panel,log_n_new_firms_size_micro_1,log,M4,-0.16601013588521896,0.18385466830742966,0.3694864529536702,,5.297685873620941,600
nec_panel,log_n_new_firms_size_small_2_9,log,M2,-0.20806608843745014,0.1402521676292322,0.14218469988270127,,5.670052810191737,600
nec_panel,log_n_new_firms_size_small_2_9,log,M3,-0.1813780258963929,0.1125685443625878,0.11137891815653297,,5.670052810191737,600
nec_panel,log_n_new_firms_size_small_2_9,log,M4,-0.17844480938248064,0.17946727655253997,0.32331571561885286,,5.670052810191737,600
nec_panel,log_n_new_firms_size_medium_10_50,log,M2,0.4465088755665516,0.16605894976491578,0.008853632130460155,***,2.570909470873294,600
nec_panel,log_n_new_firms_size_medium_10_50,log,M3,0.43316015806358343,0.16124252207819265,0.008913345381014582,***,2.570909470873294,600
nec_panel,log_n_new_firms_size_medium_10_50,log,M4,0.418297763850291,0.24063384560455692,0.08631441140496371,*,2.570909470873294,600
nec_panel,log_n_new_firms_size_large_51p,log,M2,0.19351131106868102,0.16912911943080858,0.25624351999937833,,0.6581547832289413,600
nec_panel,log_n_new_firms_size_large_51p,log,M3,0.17213812653278332,0.14982430633100116,0.25428366582107403,,0.6581547832289413,600
nec_panel,log_n_new_firms_size_large_51p,log,M4,-0.05282299905217572,0.16737282197756648,0.7531938792766741,,0.6581547832289413,600
nec_panel,log_n_new_firms_education_health_social,log,M2,0.2616458843317744,0.16015048446192595,0.10655907812736887,,3.1326709576725706,600
nec_panel,log_n_new_firms_education_health_social,log,M3,0.24952653400808728,0.16580521919060934,0.13659662771481318,,3.1326709576725706,600
nec_panel,log_n_new_firms_education_health_social,log,M4,0.3890978754616716,0.19628985770049348,0.05116326484063083,*,3.1326709576725706,600
nec_panel,log_n_new_firms_manufacturing,log,M2,0.033502415606703195,0.20422044945712584,0.8701388406600233,,4.034317704803814,600
nec_panel,log_n_new_firms_manufacturing,log,M3,0.04783798757598222,0.19076756896487726,0.8026901323299196,,4.034317704803814,600
nec_panel,log_n_new_firms_manufacturing,log,M4,0.10773506416743979,0.26268088243650806,0.6828906877182706,,4.034317704803814,600
nec_panel,log_n_new_firms_other_services,log,M2,-0.006680199070145054,0.2527805140620002,0.9789879959406032,,3.5043211982699956,600
nec_panel,log_n_new_firms_other_services,log,M3,0.013490402458877677,0.25185105561921495,0.9574260856474572,,3.5043211982699956,600
nec_panel,log_n_new_firms_other_services,log,M4,-0.31080165973848717,0.2031191248375894,0.13024474668804645,,3.5043211982699956,600
nec_panel,log_n_new_firms_trade_retail,log,M2,-0.19724854128246755,0.15389447064106884,0.2039447651876932,,5.616977412580939,600
nec_panel,log_n_new_firms_trade_retail,log,M3,-0.1621674615301366,0.11667809744827154,0.1687352868209359,,5.616977412580939,600
nec_panel,log_n_new_firms_trade_retail,log,M4,-0.20748204909918758,0.18938089532681318,0.2768152239150073,,5.616977412580939,600
nec_panel,log_n_new_firms_finance_prof_realestate,log,M2,-0.2271993459980992,0.12477527297319826,0.07266941082491224,*,2.6822543310596014,600
nec_panel,log_n_new_firms_finance_prof_realestate,log,M3,-0.25071785586124495,0.11862659799590862,0.03792883931504087,**,2.6822543310596014,600
nec_panel,log_n_new_firms_finance_prof_realestate,log,M4,-0.0841828530131203,0.18540998133405007,0.6511316325994688,,2.6822543310596014,600
nec_panel,log_n_new_firms_hospitality_food,log,M2,-0.15615969654071576,0.20748189587860327,0.4540523917622983,,4.352390341803276,600
nec_panel,log_n_new_firms_hospitality_food,log,M3,-0.12444311093375257,0.17078337474435232,0.4685090891955255,,4.352390341803276,600
nec_panel,log_n_new_firms_hospitality_food,log,M4,-0.21385597286997934,0.22936365809502107,0.3541681246041217,,4.352390341803276,600
nec_panel,log_n_new_firms_transport_storage,log,M2,0.2902854316589758,0.1050603055711216,0.0072208818324525645,***,0.594600142144198,600
nec_panel,log_n_new_firms_transport_storage,log,M3,0.269870245354207,0.1021020086090319,0.010020751907845625,**,0.594600142144198,600
nec_panel,log_n_new_firms_transport_storage,log,M4,0.20942254661241153,0.15813357820033086,0.18946614246114438,,0.594600142144198,600
nec_panel,log_n_new_firms_agriculture,log,M2,-0.5054343908374559,0.18023167193597162,0.006435739669282991,***,2.58510893103185,600
nec_panel,log_n_new_firms_agriculture,log,M3,-0.5096103117199029,0.19125358608267468,0.009457091267933596,***,2.58510893103185,600
nec_panel,log_n_new_firms_agriculture,log,M4,-0.2954400131868455,0.2761932952766718,0.28823759293635765,,2.58510893103185,600
nec_panel,log_n_new_firms_construction,log,M2,0.18388168905347668,0.4283974488883486,0.6690018590026676,,0.5547031827085873,600
nec_panel,log_n_new_firms_construction,log,M3,0.15796069000291751,0.4147347412730957,0.7043897550844509,,0.5547031827085873,600
nec_panel,log_n_new_firms_construction,log,M4,-0.1351173379427429,0.3175635137664126,0.6717207039783,,0.5547031827085873,600
