dname,year,native_pop,inmig_count,outmig_count,net_internal_mig_count,mig_in_internal_share,mig_out_internal_share,net_internal_mig_share,mig_out_economic_share,mig_out_noneconomic_share,mig_in_economic_share,mig_in_noneconomic_share,mig_in_temp_share,mig_out_temp_share,net_temp_mig_share,mig_out_temp_economic_share,mig_out_temp_noneconomic_share,mig_in_temp_economic_share,mig_in_temp_noneconomic_share
Achham,2011,30833,804,7956,-7152,0.02607595757791976,0.25803522200240003,-0.23195926442448025,NA,NA,NA,NA,0.008628924409348532,0.05521237980003821,-0.04658345539068968,0.012609055594472394,0.036107750111443675,0.0022607145131503534,0.004935362669553588
Achham,2021,23833.767747282982,1129.9772130846977,9506.207587450743,-8376.230374366045,0.04741076715466079,0.3988545868302521,-0.35144381967559135,0.09628858313216712,0.2557913716506215,0.009002736275214392,0.03770010745010312,0.056159504133008506,0.38576568181370263,-0.3296061776806941,0.09180042799799466,0.24919417781285516,0.011167823913285038,0.044058225703447064
Arghakhanchi,2011,23519,1108,7621,-6513,0.0471108465495982,0.32403588587950166,-0.2769250393299035,NA,NA,NA,NA,0.010074122609443466,0.08968426225480158,-0.07961013964535812,0.01900159711699906,0.062328514681190876,0.001842827306605512,0.006879888611327246
Arghakhanchi,2021,17549.394721508026,1812.8862787485123,9790.71635439992,-7977.830075651407,0.10330192622123267,0.5578948168736956,-0.4545928906524629,0.16324737905046727,0.33765154155260985,0.01905369501215384,0.07911979977461447,0.1209757284358861,0.5629750442256194,-0.44199931578973334,0.1590440098989792,0.34846340556649463,0.022570210054964727,0.09229179030149731
Baglung,2011,53607,5148,10301,-5153,0.0960322345962281,0.1921577405935792,-0.09612550599735109,NA,NA,NA,NA,0.03531192789747923,0.04478242501056189,-0.009470497113082664,0.009206449795803408,0.03186170961836361,0.008643148852274327,0.01885297845373891
Baglung,2021,25297.09605151415,1980.3545727729797,13427.596092671156,-11447.241519898176,0.07828386976672155,0.5307959484886192,-0.45251207872189764,0.13993629044930406,0.3254176613478964,0.012949169218631224,0.06185842309061898,0.0886277192740521,0.5325759164714288,-0.4439481971973767,0.13855931947220368,0.3325288302178143,0.014321750992878825,0.07039263642167341
Baitadi,2011,44577,1408,8282,-6874,0.031585795365322925,0.18579087870426453,-0.15420508333894162,NA,NA,NA,NA,0.009965537678073622,0.0382817130188555,-0.028316175340781877,0.010119191342713524,0.024321180060144436,0.0026340628223983143,0.004938867791996839
Baitadi,2021,25446.615264356136,1151.7902893424034,10186.152816832066,-9034.362527489662,0.04526300560514041,0.40029499841183697,-0.35503199280669656,0.12295714980359829,0.24453215196727604,0.007951875369304051,0.03661292282579897,0.05041588379028137,0.39812771229208294,-0.34771182850180155,0.11747426953385416,0.24908847393192737,0.009939717120628268,0.03977254677576924
Bajhang,2011,23537,385,3724,-3339,0.01635722479500361,0.1582189743807622,-0.1418617495857586,NA,NA,NA,NA,0.006307556452630251,0.0385181447373954,-0.03221058828476515,0.007905470753963247,0.025524578444977082,0.0015558639249821286,0.003195828602665994
Bajhang,2021,20077.13259240985,573.9553613066673,4545.324081718922,-3971.3687204122543,0.02858751660202966,0.2263930897899872,-0.19780557318795755,0.06261535866580525,0.1421373817671452,0.003768662002522408,0.024273878672295104,0.031919755818555794,0.2196317665234747,-0.1877120107049189,0.0610694547815093,0.13804164534422508,0.0043068770184324905,0.027014487732280358
Bajura,2011,16256,508,2299,-1791,0.03125,0.14142470472440946,-0.11017470472440945,NA,NA,NA,NA,0.010847947929849937,0.032483577412161756,-0.02163562948231182,0.004459711926716085,0.02296148978484903,0.003857048152835533,0.005423973964924968
Bajura,2021,14749.937782377005,415.24684408307076,2820.912715882063,-2405.665871798992,0.028152447163485746,0.19124912643716,-0.16309667927367424,0.043871962976633594,0.13103543176015972,0.005596524712869521,0.02196487151274654,0.029341401860095456,0.1821614413157501,-0.15282003945565464,0.037814693347027376,0.12863027508985317,0.005981333059478056,0.02273698799621786
Banke,2011,47823,12061,2275,9786,0.25220082387135895,0.04757125232628651,0.20462957154507244,NA,NA,NA,NA,0.05731148696264975,0.023925299506694857,0.0333861874559549,0.00766384778012685,0.01331923890063425,0.012385482734319943,0.04009866102889359
Banke,2021,48211.796069681644,15174.357465565205,3219.679018497467,11954.678447067738,0.31474366654238206,0.06678197621685758,0.24796169032552448,0.016699338014343604,0.04522039831750609,0.08226177460957264,0.19289008150222672,0.299724715389123,0.07954475188397063,0.22017996350515237,0.02287221729536869,0.05135333414402413,0.07789238287294319,0.18546928629550669
Bara,2011,113698,8182,5664,2518,0.07196256750338616,0.04981617970412848,0.022146387799257684,NA,NA,NA,NA,0.012052090245520902,0.018264764432647643,-0.006212674187126742,0.0057067020570670205,0.009729595222295953,0.0019741207697412076,0.007241207697412077
Bara,2021,72795.58839392662,7611.901983678341,9592.461229503155,-1980.5592458248138,0.10456542974125348,0.1317725626118225,-0.02720713287056902,0.030092307097146054,0.09277296293731295,0.021981890061480113,0.0758838797671706,0.10700723522657593,0.1368207731451798,-0.029813537918603847,0.031249280326211954,0.09630376526955976,0.02211704243757492,0.07825100939682564
Bardiya,2011,43141,9176,3408,5768,0.2126978975916182,0.0789967780070003,0.1337011195846179,NA,NA,NA,NA,0.03475993917010645,0.03150119487290897,0.00325874429719748,0.007643236624335907,0.02081646357118875,0.009420733513716351,0.022514960598818953
Bardiya,2021,40265.213414907455,9589.840305864811,5830.598710939288,3759.241594925523,0.23816688134861216,0.14480486296840578,0.09336201838020639,0.0418909985137828,0.09435732473693208,0.06405160654130043,0.14882036318515948,0.24843452501177238,0.1585924170966064,0.08984210791516596,0.04328240200142901,0.10431063315175315,0.0668014600125392,0.15599669185323412
Bhaktapur,2011,25196,11547,5176,6371,0.45828702968725193,0.20542943324337196,0.25285759644388,NA,NA,NA,NA,0.15221881454590974,0.038868373286599485,0.11335044125931026,0.010358640545784566,0.02240721036489954,0.04434499593165175,0.09488639919884835
Bhaktapur,2021,22941.52454638481,23619.338921546936,3979.1432347744703,19640.195686772466,1.02954530653757,0.17344720167699207,0.8560981048605779,0.03439233881578471,0.12682409194201644,0.3175345252909095,0.5991820625370061,1.0266692944035978,0.214116541524753,0.8125527528788449,0.045877486561680454,0.1519354612478522,0.31061521727099206,0.611777588506703
Bhojpur,2011,21625,907,16006,-15099,0.04194219653179191,0.7401618497109826,-0.6982196531791908,NA,NA,NA,NA,0.016220600162206,0.14544471478778048,-0.12922411462557448,0.03451383256736055,0.09763900153194557,0.0037397494818419393,0.00991258898801478
Bhojpur,2021,15877.14068877697,1254.2705600261688,16255.483744099736,-15001.213184073567,0.07899851645912362,1.0238294200913773,-0.9448309036322537,0.33276689585890035,0.574258132349513,0.014768335320706106,0.06216680183511939,0.08978238314192015,0.9131041817186446,-0.8233217985767244,0.28428969335234344,0.5295570769347889,0.01730453339022828,0.0697204488694894
Chitawan,2011,46896,23010,7593,15417,0.4906601842374616,0.16191146366427842,0.3287487205731832,NA,NA,NA,NA,0.08926041812606049,0.048195021715780134,0.04106539641028036,0.013185136754930805,0.029935086162611497,0.02310123133921761,0.05762854340820996
Chitawan,2021,46920.39848482609,29335.33508336544,8894.138630956411,20441.19645240903,0.6252149604580276,0.18955803697687582,0.43565692348115176,0.04434760575847543,0.12977633223679877,0.18682567100229241,0.3795727654887356,0.6369372998264594,0.22272956505498143,0.41420773477147793,0.0574033691581588,0.14728596931832466,0.19164666492600935,0.3884865519325401
Dadeldhura,2011,32692,3402,4562,-1160,0.10406215587911416,0.13954484277499082,-0.035482686895876664,NA,NA,NA,NA,0.031273226230632896,0.033617288891429876,-0.0023440626607969814,0.008175633182779715,0.0223829397976102,0.007861185752672804,0.017751986736035674
Dadeldhura,2021,13039.532149076462,2237.253154695034,5224.463416859508,-2987.2102621644735,0.17157464923720364,0.40066341009248063,-0.229088760855277,0.11033793700279491,0.25987678519978274,0.04441109541080891,0.1121928368200449,0.18421500801272525,0.4060112757844771,-0.22179626777175185,0.10992006575927582,0.26705447917951286,0.047743489426447905,0.12005097647087062
Dailekh,2011,49657,1089,6992,-5903,0.021930442837867773,0.14080592867068087,-0.1188754858328131,NA,NA,NA,NA,0.010007759495433836,0.033544895644734486,-0.023537136149300652,0.006903961321899683,0.023676409144266927,0.003959332285469848,0.004755177970991425
Dailekh,2021,26967.854698896408,793.4231886863708,10147.341442972422,-9353.91825428605,0.029421071773975394,0.3762754418647797,-0.34685437009080433,0.10563637792606388,0.22395260992306495,0.005177773911224129,0.022873969762372586,0.03160137607536931,0.36247713331705095,-0.33087575724168167,0.09633872654731095,0.22167189125264591,0.005639889569739107,0.02454491078142005
Dang,2011,57989,8759,6454,2305,0.1510458880132439,0.11129697011502182,0.039748917898222075,NA,NA,NA,NA,0.04423575736741773,0.028641520047501486,0.015594237319916247,0.007343979499359355,0.018375574236694895,0.011000343760742524,0.02746960842526329
Dang,2021,58514.5170622468,14185.276137471199,7265.470115572214,6919.806021898985,0.24242319427128026,0.12416525813317957,0.11825793613810069,0.04249536625981556,0.07165423315309437,0.06490396841598658,0.13796140152593317,0.25588386665267465,0.1283159664217507,0.12756790023092393,0.0425049466660732,0.07628712870648252,0.06884817078254575,0.14693680020266978
Darchula,2011,16035,445,3461,-3016,0.027751792952915497,0.21584034923604614,-0.18808855628313065,NA,NA,NA,NA,0.008682891035832212,0.0550935550935551,-0.04641066405772288,0.013574660633484163,0.035404182463005994,0.002201296318943378,0.0054420936773877954
Darchula,2021,13886.848682135344,616.0491498112679,4048.7492075562477,-3432.70005774498,0.04436205534548531,0.2915527705551179,-0.24719071520963262,0.08855053153697931,0.18055057767451593,0.010295494164821953,0.03343464469141258,0.04874768837741008,0.2837301884012892,-0.23498250002387916,0.07860474036060633,0.18375660672562302,0.011289010788009443,0.03675505245509002
Dhading,2011,39801,1987,12437,-10450,0.0499233687595789,0.31247958594005176,-0.26255621718047284,NA,NA,NA,NA,0.016281104199066875,0.08198872472783826,-0.06570762052877138,0.02145703732503888,0.05202663297045101,0.006099339035769829,0.007314346811819595
Dhading,2021,32849.83019191027,2762.633259534836,14833.480991840363,-12070.847732305527,0.08409885967127992,0.4515542669530546,-0.3674554072817747,0.14166797463549982,0.27154036231824613,0.014313802800209363,0.06714892856434715,0.0995212809273187,0.43379706757101716,-0.33427578664369845,0.12777602010212868,0.27332567372325806,0.016151983276322245,0.08007397811916393
Dhankuta,2011,35764,7255,7270,-15,0.20285762218991163,0.20327703836259925,-4.1941617268761885e-4,NA,NA,NA,NA,0.07396405391912132,0.04118821767348976,0.03277583624563155,0.010459311033449825,0.027209186220668997,0.017948077883175238,0.04740389415876186
Dhankuta,2021,14112.755639016628,2276.897870838642,9010.448262184858,-6733.550391346216,0.161336164890707,0.6384612964794949,-0.47712513158878783,0.19578417888495034,0.3779398710376284,0.030562373988698134,0.12506155066891264,0.1995796645520896,0.6477105603612549,-0.4481308958091652,0.20669242706862728,0.38190115025152677,0.03792949972541338,0.15421666012453186
Dhanusa,2011,87578,3645,9223,-5578,0.0416200415629496,0.10531183630592157,-0.06369179474297199,NA,NA,NA,NA,0.00935446463084654,0.027963995803191782,-0.018609531172345244,0.005444806449831576,0.01817880611850461,0.0011044232149759789,0.00569882378927605
Dhanusa,2021,82385.52858877182,9124.726249814034,10441.714515298605,-1316.9882654845715,0.11075642052817546,0.12674209529465455,-0.01598567476647909,0.01675254867324143,0.10419967237434788,0.012940629028592821,0.09479297218823261,0.12598647001107838,0.13476087088331815,-0.008774400872239758,0.017094480749170606,0.11281897708541187,0.014817890308085054,0.10770723003237169
Dolakha,2011,40866,1815,7115,-5300,0.04441344883277052,0.17410561346840894,-0.12969216463563843,NA,NA,NA,NA,0.017777142312458298,0.04465732532647031,-0.02688018301401201,0.012296253931941665,0.02721380230673911,0.005623868077399676,0.00845963206558002
Dolakha,2021,17689.959066033363,1510.1942709684372,9325.617410063744,-7815.423139095306,0.08537013937291543,0.5271700954904943,-0.4417999561175789,0.18663533006099203,0.28800835334001496,0.031042062951135218,0.05297370323599256,0.10970080277322453,0.46360251433667143,-0.3539017115634469,0.15973994520715973,0.2670655921201612,0.03692121384688534,0.07099574734867148
Dolpa,2011,34779,1329,380,949,0.038212714569136545,0.010926133586359585,0.027286580982776962,NA,NA,NA,NA,0.015748917261938243,0.00295292198661342,0.012795995275324821,8.155689296360875e-4,0.0019123685246639293,0.007874458630969122,0.005259013442825805
Dolpa,2021,4556.52817261219,145.07478633522987,404.87836776673794,-259.80358143150806,0.031838887161332013,0.08885676822988393,-0.05701788106855192,0.018622313247253185,0.06587968418813794,0.01257850715110147,0.016154750585790155,0.03187037023662834,0.0808092823908822,-0.04893891215425386,0.019151232843046945,0.05727731083602293,0.011715318738623135,0.017259814788564386
Doti,2011,43586,2762,6767,-4005,0.06336897168815675,0.15525627495067224,-0.09188730326251549,NA,NA,NA,NA,0.028775541898697667,0.0328134359816298,-0.004037894082932133,0.007920484547289951,0.020633195039158697,0.011204046768575423,0.013555787278415016
Doti,2021,21134.149196743965,1094.6609764695168,8718.936673521996,-7624.275697052479,0.05179583839779866,0.4125520546086274,-0.36075621621082876,0.10881213996029399,0.26413317615751547,0.010781776296635154,0.0395957661496331,0.05961125781628212,0.4223680111149109,-0.3627567532986288,0.10978850151194441,0.273382856524397,0.012872455901256007,0.045126487876456615
Gorkha,2011,57873,4008,11586,-7578,0.06925509304857187,0.20019698304909025,-0.13094189000051837,NA,NA,NA,NA,0.027128374454528863,0.05629759909738008,-0.029169224642851217,0.014219582206441123,0.03738240223000216,0.00826295442101246,0.01343974514261063
Gorkha,2021,24922.207026302814,2172.2727630138397,14231.241528376937,-12058.968765363097,0.08716213458628404,0.571026535224482,-0.48386440063819797,0.17825718848352573,0.3410477591309547,0.016580956718329935,0.06551438526553859,0.11002884391165722,0.5511733286057109,-0.44114448469405365,0.15984244194655714,0.3440106955152986,0.021348848263675398,0.0822915438046617
Gulmi,2011,32431,1860,13564,-11704,0.0573525330702106,0.41824180567975083,-0.36088927260954023,NA,NA,NA,NA,0.014342206220858172,0.1034350469220327,-0.08909284070117453,0.019240984477365282,0.07578350941391725,0.0025969426901965415,0.009650002951071239
Gulmi,2021,24589.97125661373,2212.3132190704346,15907.563945680857,-13695.250726610422,0.08996810919310895,0.6469126693835541,-0.5569445601904451,0.17225752242708572,0.3943146239223359,0.012553623127869193,0.07483107777301631,0.11230045937272355,0.6403749448227355,-0.5280744854500119,0.16124862822534522,0.40223548061214104,0.01580178134809956,0.09261777693819981
Humla,2011,48271,1628,542,1086,0.033726253858424315,0.011228273704708832,0.022497980153715482,NA,NA,NA,NA,0.01159631837164984,0.0037100109475732878,0.007886307424076552,6.08198515995621e-4,0.002635526902647691,0.004885861411831488,0.004723675140899323
Humla,2021,5964.731613636017,272.9660338163376,831.4573000967503,-558.4912662804127,0.04576333882186885,0.1393955929544172,-0.09363225413254835,0.026468960840180616,0.10172111613752893,0.023156288094595325,0.022189537392841935,0.049766983591886554,0.1355625351174507,-0.08579555152556416,0.02750309073095978,0.09658581989728107,0.025243750337426457,0.024082841384354417
Ilam,2011,46159,5958,7055,-1097,0.12907558655950085,0.15284126605862344,-0.0237656794991226,NA,NA,NA,NA,0.03520288762841617,0.037582801158224585,-0.0023799135298084168,0.00930149537900123,0.025326246479711236,0.009499821506485264,0.02076474554757844
Ilam,2021,26081.105070352554,4127.96482616663,8699.500764250755,-4571.5359380841255,0.1582741534544506,0.3335556810489533,-0.1752815275945027,0.09827281355867798,0.2047011371429954,0.04076795005049395,0.10895725187237473,0.18425508365318857,0.3497281333399207,-0.16547304968673213,0.10056952872813639,0.21808716935184702,0.04679976315186231,0.12767445960695153
Jajarkot,2011,20865,258,2835,-2577,0.012365204888569374,0.13587347232207045,-0.12350826743350107,NA,NA,NA,NA,0.004803348076282875,0.03647691063870262,-0.031673562562419745,0.00789461168973225,0.024634993104104247,0.0011413896418889999,0.0028534741047224997
Jajarkot,2021,19962.749352157116,685.1984604001045,3755.459473580122,-3070.2610131800175,0.03432385230674972,0.18812335952984943,-0.1537995072230997,0.04586759735329528,0.11761154571097053,0.011470738693141386,0.022035874754172673,0.03685000586449168,0.17896599671049124,-0.14211599084599955,0.0401594194872772,0.11682048430923878,0.012321687907296411,0.023715901828077996
Jhapa,2011,86925,27079,10642,16437,0.31152142651711245,0.12242737992522289,0.18909404659188955,NA,NA,NA,NA,0.048459280997798976,0.03598679383712399,0.012472487160674981,0.008758253851797506,0.024119589141599413,0.014398385913426265,0.030126559060895085
Jhapa,2021,72192.38312578201,32686.505583524704,10801.319848954678,21885.185734570026,0.4527694497433954,0.14961855228044424,0.30315089746295115,0.038257562717322516,0.10067904910762838,0.15204132794325334,0.25584780183217254,0.44097865283842685,0.16638627154660612,0.27459238129182073,0.043669791446299774,0.11090863668902674,0.1470241535517563,0.25438396299778915
Jumla,2011,13001,408,2110,-1702,0.03138220136912545,0.16229520806091838,-0.13091300669179293,NA,NA,NA,NA,0.01552442256720939,0.04036349867474442,-0.024839076107535024,0.01113214691404771,0.025596365013252555,0.0036349867474441497,0.006588413479742522
Jumla,2021,12358.178734719753,545.9021087288857,2506.2829128056765,-1960.3808040767908,0.044173346287280826,0.20280358187120132,-0.15863023558392048,0.05287130790089508,0.12818474384957587,0.010859100535466817,0.029201938648141267,0.04604884403258306,0.19746629537384178,-0.15141745134125872,0.053136697747723005,0.1240238497126859,0.011231149736491298,0.030497964049987142
Kailali,2011,72813,20865,3766,17099,0.28655597214783074,0.05172153324269018,0.23483443890514055,NA,NA,NA,NA,0.053969038578201185,0.02371537061585818,0.030253667962343002,0.005853011885770778,0.01484036219021727,0.012638461365627879,0.0355112678904442
Kailali,2021,70643.3036365509,27149.368304669857,5360.649411648512,21788.718893021345,0.3843162324959949,0.07588333409813676,0.3084328983978581,0.01822789132030049,0.053654384765772445,0.09782573103267594,0.24279960741685921,0.39976413994874177,0.09070484998557138,0.3090592899631704,0.02213157933868674,0.06409254932070478,0.10114434113202905,0.25435750408794844
Kalikot,2011,16456,444,2266,-1822,0.026981040350024306,0.13770053475935828,-0.11071949440933399,NA,NA,NA,NA,0.010881913303437967,0.045321375186846036,-0.034439461883408073,0.010343796711509716,0.02852017937219731,0.003467862481315396,0.00585949177877429
Kalikot,2021,15448.191208273172,520.5813276469707,3285.8748009949923,-2765.2934733480215,0.03369852953193491,0.21270288260254475,-0.17900435307060983,0.059111327581157856,0.13398414974495587,0.003350710756218476,0.028240683281686624,0.03567228751443688,0.21456317261162863,-0.17889088509719175,0.059744456467262785,0.1360139035388097,0.0037559350914536534,0.03109047421294725
Kanchanpur,2011,40288,15149,2478,12671,0.37601767275615566,0.06150714853057983,0.31451052422557585,NA,NA,NA,NA,0.04880350267985204,0.026421076470144182,0.02238242620970786,0.006397674945270627,0.016815127953498904,0.013210538235072091,0.03059183211293123
Kanchanpur,2021,38025.026707828045,18088.306860387325,3513.774802029133,14574.532058358192,0.47569478384254665,0.0924068989886013,0.3832878848539453,0.022327017032721146,0.06409482734944376,0.152953031819164,0.2816691538314778,0.47971046157680125,0.1041481931908709,0.3755622683859304,0.024964164215556982,0.07229144216958536,0.15915418991981936,0.2827207342380571
Kapilbastu,2011,90024,7518,2179,5339,0.08351106371634232,0.024204656536034836,0.059306407180307476,NA,NA,NA,NA,0.018977035490605428,0.01010438413361169,0.008872651356993737,0.002171189979123173,0.0068580375782881006,0.0058977035490605425,0.010521920668058455
Kapilbastu,2021,61749.75738096237,9117.77254319191,3265.7524386048317,5852.020104587078,0.14765681566876804,0.05288688696308421,0.09476992870568383,0.010856262929636727,0.03858701942698882,0.04079428152514924,0.09343448446197822,0.1439512793471318,0.057685992158813086,0.08626528718831873,0.013376894366591976,0.04035195838483994,0.03993647355176181,0.0913418085816872
Kaski,2011,43328,15345,7041,8304,0.3541589734121123,0.16250461595273263,0.19165435745937962,NA,NA,NA,NA,0.11147615271326612,0.045145576073411124,0.06633057663985499,0.011838676787130395,0.02671726898531022,0.02683055775839281,0.07299573278954723
Kaski,2021,39698.975146114826,24745.818298459053,6468.487784683704,18277.33051377535,0.6233364515678391,0.16293840737389284,0.46039804419394625,0.03726046312841543,0.11042944493298254,0.18831149318586757,0.3617335594021079,0.6859531125518074,0.19306574602702012,0.4928873665247872,0.0500664271197361,0.12734794568326893,0.20693774505304505,0.39939029315991986
Kathmandu,2011,102076,99813,11446,88367,0.9778302441318234,0.11213213683921784,0.8656981072926055,NA,NA,NA,NA,0.2089901875246507,0.043516714673295966,0.16547347285135475,0.013708781030011115,0.0205870752608493,0.05293477871135068,0.14059568059854904
Kathmandu,2021,94140.70379787683,123566.40061503649,13648.899231895804,109917.50138314068,1.3125714555983943,0.1449840364610024,1.1675874191373918,0.018112041800545802,0.11321005753816156,0.4281514494772823,0.7704898838416383,1.2099988199652951,0.30803931015905645,0.9019595098062387,0.07452379844297936,0.19875651723296417,0.3900941183099417,0.732688053969606
Kavrepalanchok,2011,91945,12051,14797,-2746,0.13106748599706347,0.16093316656696938,-0.029865680569905923,NA,NA,NA,NA,0.038069496529163006,0.036074762626665605,0.001994733902497407,0.011599377643022421,0.02078512726402298,0.009744275113699833,0.02142344211282215
Kavrepalanchok,2021,34989.78622752428,5642.537542581558,16483.388080984354,-10840.850538402796,0.16126241829231086,0.4710914200446844,-0.30982900175237355,0.15459640467648567,0.2729754533023521,0.0388737416395948,0.11454526973917427,0.20500623505213164,0.47793797645571834,-0.2729317414035867,0.15014183348518179,0.29364042958119835,0.05222109897741298,0.14323797439376312
Khotang,2011,24919,620,15566,-14946,0.02488061318672499,0.6246639110718729,-0.5997832978851478,NA,NA,NA,NA,0.008286311802075523,0.13459337884228387,-0.12630706704020833,0.0312512330821134,0.09375369924634021,0.0016572623604151047,0.00481395257072959
Khotang,2021,18281.449491262436,917.9546296596527,17573.61505290866,-16655.660423249006,0.05021235488457228,0.9612812737473533,-0.9110689188627811,0.3148637739912373,0.5315742466833691,0.00794005614830916,0.04086574885408527,0.057362615888513234,0.8631103011302466,-0.8057476852417332,0.2804122148580966,0.49119543717173714,0.008844418190748682,0.046889071077679055
Lalitpur,2011,36085,18292,4797,13495,0.506914230289594,0.13293612304281557,0.37397810724677844,NA,NA,NA,NA,0.13923732540363956,0.025862249492178503,0.11337507591146107,0.006198563441040353,0.015077586748476535,0.0393273721022763,0.08763847297551987
Lalitpur,2021,32400.965845555067,26977.402711361647,4186.0591156333685,22791.343595728278,0.8326110659772985,0.129195504096605,0.7034155618806935,0.02326648068750949,0.09508429921436128,0.26476104235621484,0.46729294601943344,0.785327896767109,0.16745194491841714,0.6178759518486919,0.03584726528657097,0.11370886417112525,0.2481975803340591,0.45682909382443043
Lamjung,2011,19040,1488,7714,-6226,0.07815126050420168,0.4051470588235294,-0.32699579831932774,NA,NA,NA,NA,0.021821254597872552,0.09489014812605627,-0.07306889352818371,0.02042946614971667,0.06437021572720947,0.0036782980415548264,0.014067004672432647
Lamjung,2021,15091.818108677864,1959.098410487175,8782.573850020766,-6823.475439533591,0.12981195482078361,0.5819427312717708,-0.45213077645098715,0.15292538152899326,0.3594782058017356,0.023469696298116474,0.09213334009918081,0.15222065928207082,0.6013341514389315,-0.4491134921568607,0.1491787609225787,0.3829265082585507,0.02853738657205317,0.10698021446342997
Mahottari,2011,92785,4852,5483,-631,0.052292935280487146,0.059093603491943744,-0.006800668211456593,NA,NA,NA,NA,0.010178248514595712,0.014714544045466288,-0.004536295530870576,0.0031723068974425215,0.008752260397830018,0.0014259881167656937,0.006199948333763886
Mahottari,2021,68037.18787837029,6261.380714178085,9103.815387368202,-2842.434673190117,0.09202879938793947,0.13380646189614778,-0.04177766250820834,0.024942352909675763,0.10329717693969478,0.010230391033664268,0.07880779795981835,0.09877108342019654,0.13852442495764403,-0.03975334153744749,0.025160427070341346,0.10834319333539785,0.010813969829833962,0.08484498646267123
Makwanpur,2011,44476,6985,8951,-1966,0.15705099379440599,0.2012546092274485,-0.04420361543304254,NA,NA,NA,NA,0.03309280416917218,0.06217678893565845,-0.02908398476648627,0.021326919222289038,0.03353377430346763,0.007757065544197234,0.022028462617759068
Makwanpur,2021,41723.55934101343,8678.955211639404,10284.561104744673,-1605.6058931052685,0.20801090196320243,0.2464928991481116,-0.03848199718490914,0.07880455071652634,0.1484198825558209,0.055969771086336384,0.13051313161511116,0.23372407678316787,0.2533982992007535,-0.019674222417585673,0.0797553710689212,0.15638319461871328,0.06264925797122621,0.1475324470466284
Manang,2011,4443,1381,383,998,0.3108260184559982,0.08620301598019356,0.22462300247580463,NA,NA,NA,NA,0.09106271122793841,0.016334960570784828,0.07472775065715359,0.006196019526849418,0.007885843034171986,0.050882463387157344,0.03173113030416823
Manang,2021,366.74402192234993,264.1526186168194,332.02385798096657,-67.87123936414719,0.7202642792436518,0.905328616511888,-0.18506433726823623,0.2755252766374159,0.48548991092685806,0.5290456725694981,0.18580380231003976,0.9237128963880007,1.0892665229577203,-0.16555362656971961,0.38684364160908774,0.5642506028684343,0.6160804193984382,0.3008616241502766
Morang,2011,91974,26092,12227,13865,0.2836888685932981,0.13293974384065063,0.15074912475264748,NA,NA,NA,NA,0.05421509686038744,0.04412380316187931,0.010091293698508128,0.011632153195279448,0.028047205522155422,0.013012692050768203,0.03706969494544645
Morang,2021,88880.75879949331,32136.67087471485,13400.711536049843,18735.95933866501,0.36157061785680944,0.15077179489748277,0.2107988229593267,0.037167291035534185,0.10364585503545895,0.10118193821150637,0.2230603109707334,0.35706222312010805,0.17425566710442056,0.18280655601568746,0.045551387355480456,0.11654173071458625,0.09916263135070064,0.2223612045669652
Mugu,2011,53638,1179,798,381,0.02198068533502368,0.014877512211491853,0.0071031731235318245,NA,NA,NA,NA,0.0073121440382142204,0.004097005327944148,0.0032151387102700717,7.348888480617307e-4,0.00275583318023149,0.0025904831894176007,0.003031416498254639
Mugu,2021,6813.749317139387,272.3279464840889,860.5833560824394,-588.2554095983505,0.03996741497358464,0.126301000525176,-0.08633358555159136,0.030070945058018387,0.0833541108756377,0.016817197550077687,0.021948645180547142,0.041289431110122496,0.1231441947360003,-0.0818547636258778,0.028902322533820527,0.08112526023402016,0.017368460897004664,0.022792269334716366
Mustang,2011,9318,2263,623,1640,0.24286327538098304,0.06685984116763254,0.17600343421335052,NA,NA,NA,NA,0.09192147980369951,0.016232540581351453,0.07568893922234805,0.005096262740656852,0.008305020762551907,0.04190260475651189,0.03699509248773122
Mustang,2021,1052.4533523321152,611.8090279400349,374.9900014400482,236.81902649998665,0.5813170023966732,0.356300828544195,0.22501617385247813,0.13496369446352563,0.18258573818576293,0.3676425535254102,0.19825055465860128,0.6448052537939629,0.4140372717845373,0.23076798200942564,0.1869799192386635,0.1896087613145537,0.40369886604917576,0.2229293105060586
Myagdi,2011,13413,677,4924,-4247,0.050473421307686575,0.3671065384328636,-0.31663311712517705,NA,NA,NA,NA,0.020533583978020388,0.1054153712674427,-0.0848817872894223,0.017786132600679634,0.07396428313209458,0.006579423035210759,0.011712819029715856
Myagdi,2021,10668.628614723682,1103.821056842804,4575.6584513783455,-3471.8373945355415,0.10346419363773053,0.42888909311769635,-0.32542489947996583,0.11175586985989355,0.26283501640900164,0.04503805683628753,0.05436063450718148,0.11988437310313654,0.44078935365186256,-0.320904980548726,0.11568882283207713,0.2736251441769837,0.05123915057856901,0.06444402578707921
Nawalparasi,2011,84372,17490,4821,12669,0.20729625942255725,0.057139809415445886,0.15015645000711136,NA,NA,NA,NA,0.04000570491335663,0.02223897474557105,0.017766730167785575,0.0050121738776092335,0.014578091095241491,0.010666150507839162,0.025824920284023188
Nawalparasi,2021,58441.811149299145,20429.904176831245,6487.1270616054535,13942.777115225792,0.34957684875028466,0.11100147196042622,0.2385753767898584,0.029267923246934693,0.07475800752779364,0.09083475357052574,0.21217283911384682,0.3528013870281155,0.12712447081179018,0.2256769162163253,0.036497938882475885,0.08305717530187268,0.0922627106663861,0.2157870741207232
Nuwakot,2011,54991,2748,11346,-8598,0.04997181356949319,0.20632467130985072,-0.1563528577403575,NA,NA,NA,NA,0.01866290351031928,0.052496031046039865,-0.033833127535720584,0.013370964896807197,0.033833127535720584,0.005662374316457929,0.009313811959781267
Nuwakot,2021,26455.590978324413,2092.1664460897446,11947.119765758514,-9854.95331966877,0.07908220412856767,0.4515914906435855,-0.37250928651501786,0.14181775857729584,0.2715130874746342,0.015046104559102672,0.0612118989095088,0.09534246959703388,0.43273794687657036,-0.33739547727953645,0.13511209830579607,0.2694002084352338,0.01776893037043334,0.07418544502956106
Okhaldhunga,2011,17616,542,8704,-8162,0.030767484105358765,0.4940962761126249,-0.4633287920072661,NA,NA,NA,NA,0.00982732774415635,0.0962744989173283,-0.08644717117317195,0.026095164066403866,0.062017655876964076,0.0022208650269279883,0.005274554438953973
Okhaldhunga,2021,14497.506854653358,679.4940426945686,9915.939322829247,-9236.445280134678,0.04686971694560483,0.6839754878023364,-0.6371057708567316,0.24018384366380657,0.3770043142552328,0.006037806702515953,0.03950530794785781,0.05102487583538663,0.5823252076885143,-0.5313003318531276,0.19166513823705192,0.3431009765823599,0.006756624470746965,0.042941028431614785
Palpa,2011,49172,6921,10951,-4030,0.14075083380785813,0.2227080452289921,-0.08195721142113398,NA,NA,NA,NA,0.04915551901950527,0.05124803826320903,-0.002092519243703759,0.011247290934907705,0.03518047978476945,0.010182348105522756,0.03215380016441222
Palpa,2021,23310.203345239162,2927.1010585427284,13375.926834315062,-10448.825775772333,0.12557166555737295,0.5738228292653199,-0.448251163707947,0.16716489610002283,0.3442208036701485,0.023692294095195937,0.09251027883552974,0.14957408400812786,0.5926577550001392,-0.4430836709920113,0.16857446509746296,0.3664473637634138,0.028319332400181703,0.10983380228034263
Panchthar,2011,22412,1171,10655,-9484,0.05224879528823844,0.47541495627342495,-0.4231661609851865,NA,NA,NA,NA,0.01871334943083822,0.10188858226974819,-0.08317523283890997,0.026733356329768886,0.06648844429113487,0.004139358399448086,0.011426353915143152
Panchthar,2021,16874.416365385056,1713.5541949868202,12316.97962963581,-10603.42543464899,0.10154746439123548,0.7299203340094157,-0.6283728696181803,0.23207666918251088,0.4213414617649962,0.01679346937846747,0.08192130730984917,0.121280590845723,0.6957548523378374,-0.5744742614921143,0.2138628206282935,0.4158929015629938,0.02125405463367415,0.0964791648044258
Parbat,2011,16331,1879,10807,-8928,0.11505725307697018,0.661747596595432,-0.5466903435184618,NA,NA,NA,NA,0.033883923520760265,0.15991628012218576,-0.1260323566014255,0.029697929630048647,0.10821359882339632,0.006222423351057812,0.02262699400384659
Parbat,2021,12049.076153814793,2220.5396131277084,10578.902164459229,-8358.36255133152,0.18429127551199645,0.8779845051531108,-0.6936932296411144,0.243016935281588,0.5421098761654839,0.035129535255518055,0.1420748190596738,0.21558622245198666,0.8782129429841568,-0.6626267205321701,0.2381602703733272,0.55285874122913,0.042266473437174684,0.16425566130906405
Parsa,2011,70023,3521,5622,-2101,0.050283478285706125,0.0802879054025106,-0.03000442711680448,NA,NA,NA,NA,0.011269773642473302,0.02634653179587966,-0.015076758153406358,0.006500735284012039,0.015805170352249143,0.0019515949478429379,0.007160429350888525
Parsa,2021,62041.421627521515,5462.175784111023,6190.8319292366505,-728.6561451256275,0.08804079018215158,0.09978546214502608,-0.011744671962874499,0.02556594934972045,0.06806747306934934,0.018486763480334106,0.061328959870386404,0.09679922934422304,0.10762237866843319,-0.01082314932421015,0.030553111322103817,0.07057103318909488,0.02085218430564429,0.06733265741989122
Pyuthan,2011,27278,835,4875,-4040,0.030610748588606202,0.17871544834665298,-0.14810469975804677,NA,NA,NA,NA,0.009291146505954943,0.04667097144497059,-0.03737982493901564,0.010403214234466924,0.03178361314392309,0.0019012770842301622,0.005847323862821064
Pyuthan,2021,24057.207046866417,1245.860416173935,7192.537105023861,-5946.676688849926,0.05178740881045936,0.2989763978425221,-0.24718898903206277,0.08191107885233784,0.17603607052708298,0.0158984368568953,0.03463608838838955,0.06054350610072884,0.2926613123945377,-0.23211780629380882,0.07578044003760347,0.17722215675749095,0.020284739551520003,0.03872875317320496
Ramechhap,2011,24182,840,10965,-10125,0.034736580927962946,0.45343644032751634,-0.4186998593995534,NA,NA,NA,NA,0.011584258324924318,0.10631685166498486,-0.09473259334006054,0.033784056508577194,0.060181634712411704,0.0025025227043390516,0.006579212916246216
Ramechhap,2021,17252.614835619926,1297.193835556507,12972.110230505466,-11674.91639494896,0.07518824525533992,0.7518924148079348,-0.6767041695525948,0.28140840171051373,0.3994916589154767,0.013394168982761339,0.0597149847721767,0.08718060233632886,0.6355004335917589,-0.54831983125543,0.22735356782600427,0.36609252594748437,0.014912981145857644,0.06961339446603436
Rasuwa,2011,39602,2509,1314,1195,0.06335538609161154,0.03318014241704964,0.03017524367456189,NA,NA,NA,NA,0.01836527293844367,0.011299845141308556,0.007065427797135114,0.0024680603948896633,0.007259001161440186,0.004815137437088657,0.00924312814556717
Rasuwa,2021,4578.8587527275085,327.0429597198963,1524.2829881310463,-1197.24002841115,0.07142455738017366,0.3328958306964743,-0.26147127331630066,0.07786334446839234,0.22924032663583965,0.011046768900008748,0.05905397128399782,0.07710282929076312,0.30408985102293934,-0.22698702173217625,0.06649061596287228,0.21610462679581588,0.012481964201532856,0.06321127411192717
Rautahat,2011,111237,4087,5664,-1577,0.036741372025495114,0.05091830955527388,-0.014176937529778761,NA,NA,NA,NA,0.007372122036974027,0.015232810741487163,-0.007860688704513135,0.004484344055626805,0.008637160729709216,9.945821446331823e-4,0.003978328578532729
Rautahat,2021,81045.64557266235,5485.248477458954,7402.634730398655,-1917.386252939701,0.06768097704325268,0.09133908031816147,-0.0236581032749088,0.021950884665527283,0.06521998150432923,0.009140600177906104,0.05564957692782838,0.07410746535121814,0.09485622806154569,-0.02074876271032755,0.021715036461353986,0.06890939439530938,0.009993345505056022,0.06099921941318177
Rolpa,2011,26716,458,4168,-3710,0.01714328492289265,0.15601137894894446,-0.1388680940260518,NA,NA,NA,NA,0.008081257413997628,0.04418742586002373,-0.0361061684460261,0.011306346381969158,0.026430901542111508,0.002409549228944247,0.004263048635824437
Rolpa,2021,24738.97022128105,676.1570888161659,5735.383287653327,-5059.226198837161,0.02733165862476036,0.23183597523875968,-0.20450431661399932,0.06968995988066065,0.12764874378077892,0.004330223103649695,0.022198541649639615,0.029249497807179777,0.222449140268428,-0.19319964246124824,0.06428909653955461,0.12654498951808074,0.004908411614873798,0.023440498318501066
Rukum,2011,25250,382,3668,-3286,0.015128712871287128,0.14526732673267326,-0.13013861386138614,NA,NA,NA,NA,0.006320913980605395,0.04640571630481724,-0.04008480232421185,0.01111067488516352,0.029641553138863807,0.001963016764163166,0.003062306152094539
Rukum,2021,23249.558531701565,847.6172007918358,4679.463962182403,-3831.846761390567,0.03645734604534881,0.2012710889026901,-0.1648137428573413,0.0560765198600079,0.1189530631478835,0.0078147958405228209,0.02786885391180029,0.051825504486271476,0.2278089191459369,-0.1759834146596654,0.08920112717194244,0.1149207331679683,0.010110075634754788,0.04053614251861793
Rupandehi,2011,84180,23331,5911,17420,0.27715609408410546,0.07021857923497268,0.2069375148491328,NA,NA,NA,NA,0.06281503694131806,0.025735620505637373,0.037079416435680676,0.006470895765311659,0.01591090681318248,0.013188395789972085,0.044674827623622716
Rupandehi,2021,82422.03439855576,34487.65563619137,6159.287412494421,28328.368223696947,0.41842761935994727,0.07472865062649252,0.34369896873345473,0.013700793456641672,0.05642288729612792,0.11737469514825342,0.25063875460786617,0.4023882594725282,0.09098938521280471,0.3113988742597235,0.020095232388044,0.06516126314454593,0.11369682917911375,0.24252434887405006
Salyan,2011,29359,681,5612,-4931,0.023195612929595693,0.19115092475901768,-0.16795531182942197,NA,NA,NA,NA,0.008149713250830063,0.05292282925847671,-0.04477311600764664,0.014052386222624677,0.033101921722507296,0.0018781232182982861,0.004795921789583124
Salyan,2021,24645.88054394722,1119.0175858139992,8067.631714373827,-6948.614128559828,0.04540383873964765,0.32734199534839326,-0.2819381566087456,0.08838547097840917,0.1980260952776756,0.006265229298225884,0.036714138881737975,0.04988837635619624,0.32036538543332777,-0.2704770090771315,0.08453017384024492,0.1964257070395031,0.006998125487364333,0.04017563876670927
Sankhuwasabha,2011,39522,3060,7602,-4542,0.07742523151662366,0.19234856535600425,-0.1149233338393806,NA,NA,NA,NA,0.02613844228362376,0.04411764705882353,-0.017979204775199768,0.010229132569558102,0.03020602676422451,0.008423991527871377,0.014272648502936363
Sankhuwasabha,2021,15550.76848807931,1489.2580908238888,8664.741153120995,-7175.483062297106,0.0957674916172473,0.5571905439762087,-0.46142305235896136,0.17647263123634427,0.32638424920053455,0.02526276381606013,0.06654344479694263,0.11017696515117714,0.5240613337045944,-0.4138843685534172,0.16643258185449566,0.30891225091669755,0.02834158072495644,0.077044494396223
Saptari,2011,108214,3129,8839,-5710,0.028914927828192286,0.08168074371153455,-0.05276581588334227,NA,NA,NA,NA,0.008335067920396028,0.024045901698688654,-0.015710833778292622,0.006470763912142411,0.014878231988198775,0.0018371539498809922,0.004135858892096618
Saptari,2021,70116.34701663256,4150.671013951302,8351.69385829568,-4201.0228443443775,0.059196909002785125,0.11911193628376765,-0.059915027280982525,0.031641963842207736,0.08033973965006874,0.007753643569226375,0.04925404430323554,0.06986685982558229,0.1304631721221758,-0.06059631229659354,0.03213984864079428,0.09069952562123115,0.009275417656861911,0.05803497544871489
Sarlahi,2011,109749,7039,7409,-370,0.06413725865383739,0.06750858777756517,-0.003371329123727779,NA,NA,NA,NA,0.01132963174372546,0.021457111722276996,-0.010127479978551537,0.00599346167816927,0.012255029145693874,0.002265926348745092,0.0063826475014270145
Sarlahi,2021,82884.0354295373,8698.481176137924,10156.131916046143,-1457.6507399082184,0.10494760699161199,0.12253423549436412,-0.017586628502752135,0.03236427186658654,0.0842778440630427,0.0199325442950698,0.07886313960828481,0.113315612567912,0.12563485274710892,-0.012319240179196911,0.03209483861954848,0.08835856092088269,0.021216009611837332,0.08574878264498603
Sindhuli,2011,33927,2814,8135,-5321,0.08294278892917145,0.23977952663070712,-0.15683673770153564,NA,NA,NA,NA,0.017910034602076123,0.06170242214532872,-0.0437923875432526,0.017550173010380622,0.03750865051903114,0.0039584775086505194,0.010906574394463667
Sindhuli,2021,29287.05958390236,3801.167642533779,10641.235228717327,-6840.067586183548,0.1297900061166636,0.3633425608409758,-0.23355255472431222,0.12391249615766929,0.21119554633540527,0.04368922477547865,0.07993792849290461,0.15307548276819727,0.34701857183678897,-0.1939430890685917,0.11419958718341007,0.21025863150745577,0.050964032902025766,0.094944513300548955
Sindhupalchok,2011,34172,1084,10703,-9619,0.03172187756057591,0.3132096453236568,-0.2814877677630809,NA,NA,NA,NA,0.013060289273951024,0.08099670628669627,-0.06793641701274523,0.026893885149649147,0.044622655019332665,0.0027208935987397967,0.006873836459974223
Sindhupalchok,2021,26904.7631290555,1669.4905399680138,13783.980818375945,-12114.490278407931,0.06205185795391992,0.512324927458294,-0.4502730695043742,0.17294109820915765,0.286649438381928,0.01092878585272372,0.050246357954971003,0.07287546517845606,0.44192827300946147,-0.3690528078310054,0.14604072938560392,0.2622382779775354,0.011609175572878596,0.060272774117789175
Siraha,2011,127694,5170,5890,-720,0.04048741522702711,0.04612589471705797,-0.005638479490030855,NA,NA,NA,NA,0.009739323181562846,0.01372462689966144,-0.003985303718098593,0.0029984666069503697,0.00858548286698954,0.0012145687521824282,0.0062550290737395054
Siraha,2021,73736.43840360641,5133.338501870632,8334.932510197163,-3201.5940083265305,0.06961739152320602,0.11303681993120927,-0.04341942840800325,0.018030197710696114,0.09073715010947855,0.0049323190212160785,0.06262303309821116,0.07856726638440212,0.12282462937341888,-0.044257362989016766,0.01889947931759545,0.10001629599260074,0.0056855954245503375,0.07058751600479991
Solukhumbu,2011,12567,513,4270,-3757,0.04082119837670088,0.33977878570860187,-0.29895758733190103,NA,NA,NA,NA,0.010806638363566191,0.07742184484754921,-0.06661520648398302,0.01883442686221536,0.05048243921265921,0.005094558085681204,0.004785796989579313
Solukhumbu,2021,10736.58842304349,677.3292233645916,5846.628883078694,-5169.299659714103,0.063086075080504,0.5445518308711844,-0.48146575579068035,0.18140952674913666,0.30372516110492354,0.022065700023165893,0.039760201615864334,0.0722841504597448,0.4502740873648844,-0.3779899369051396,0.1456489434678902,0.26424325316792174,0.025290207765259937,0.04463159503337965
Sunsari,2011,92200,25125,8679,16446,0.2725054229934924,0.09413232104121474,0.17837310195227765,NA,NA,NA,NA,0.05778037698501957,0.03067164514822979,0.02710873183678978,0.00751270862386972,0.019703990282963695,0.01141751765711458,0.04165729452516982
Sunsari,2021,71680.09005641937,28153.938018023968,9986.106195747852,18167.831822276115,0.3927720793300345,0.13931492256619366,0.25345715676384084,0.030613745983335498,0.09862532780587767,0.11910089297863488,0.23450047052480105,0.3903210382208913,0.16157600567731728,0.22874503254357403,0.03836998849691288,0.11097556279256035,0.11383869952460583,0.2375329694718061
Surkhet,2011,35861,6503,5497,1006,0.1813390591450322,0.15328629988009257,0.02805275926493963,NA,NA,NA,NA,0.04653169925776145,0.04601385840751609,5.178408502453579e-4,0.012132271348605528,0.02976351934505462,0.010159544300051783,0.031292382807683775
Surkhet,2021,34395.98335200548,10328.252399265766,6744.90046441555,3583.351934850216,0.3002749563391555,0.19609558463233423,0.10417937170682129,0.05479916048638612,0.1192786245313955,0.07606631950782193,0.18840712832119044,0.3258624262351559,0.20725119948163928,0.11861122675351661,0.05568627506920483,0.12824944485426074,0.08272193983111917,0.205319280168899
Syangja,2011,53555,3442,17029,-13587,0.06427037624871627,0.31797217813462797,-0.2537018018859117,NA,NA,NA,NA,0.020642530051516887,0.07564753863766457,-0.05500500858614768,0.01436390955924442,0.05382441327990842,0.003845878649112765,0.011913279908414424
Syangja,2021,24804.58651059866,2692.7481164336205,19510.83676548302,-16818.0886490494,0.10855847628353112,0.7865818185336937,-0.6780233422501626,0.1996921456184588,0.4870162680423533,0.01600153676608775,0.08667319751221347,0.13216662304894225,0.8185771606584099,-0.6864105376094677,0.19694600906458842,0.5183441756595382,0.019758398446578188,0.10549984220010267
Tanahu,2011,35068,4295,9073,-4778,0.12247633169841451,0.2587259039580244,-0.1362495722596099,NA,NA,NA,NA,0.03150985827101093,0.07183201715391455,-0.040322158882903615,0.016238690445060405,0.048428429475445844,0.0075048376130955495,0.018775168662726844
Tanahu,2021,27959.362831234932,6423.994435071945,12272.612965375185,-5848.61853030324,0.229761832336728,0.43894465834052476,-0.20918282600379678,0.11644507939435686,0.27689862304912,0.046505544170404124,0.15817391615567425,0.2731311225918085,0.4822421308056058,-0.20911100821379733,0.1259656608178142,0.3092137619099733,0.05664994789324276,0.18790047215071923
Taplejung,2011,14954,504,9793,-9289,0.03370335696134814,0.654874949846195,-0.6211715928848469,NA,NA,NA,NA,0.01103997909589757,0.1350274366344395,-0.12398745753854194,0.035798275411549514,0.08485759080219493,0.0029396394042330806,0.0064672066893127775
Taplejung,2021,12425.924252033234,737.2263248860836,10451.24969664216,-9714.023371756077,0.05932969732738009,0.8410842915714732,-0.7817545942440931,0.2809898448101433,0.4664145229569631,0.013488670336197689,0.04482485437035315,0.06940758349306664,0.9281794018061624,-0.8587718183130958,0.318368563437186,0.5261182168325322,0.015849650889253594,0.05249821136825569
Terhathum,2011,11554,1115,8242,-7127,0.09650337545438809,0.7133460273498355,-0.6168426518954475,NA,NA,NA,NA,0.024160425223483932,0.13650640251268423,-0.11234597728920029,0.03181122654425385,0.0950310058790368,0.004268341789482161,0.014657324635580253
Terhathum,2021,8279.377392172813,1396.4814032912254,8733.11258393526,-7336.631180644035,0.16866985730248701,1.0548030570742435,-0.8861331997717564,0.32375062597155113,0.6161158910816339,0.027164519951941652,0.137519294600262,0.2044173033888229,0.9772507845947854,-0.7728334812059625,0.3019301643021353,0.587034172427342,0.03249150911494231,0.16668944849515122
Udayapur,2011,32338,6749,5899,850,0.20870183684828994,0.1824169707464902,0.02628486610179974,NA,NA,NA,NA,0.04316028293073535,0.05514480181502736,-0.011984518884292006,0.013959695716001601,0.03563325770719338,0.011450687308154277,0.028052849326037636
Udayapur,2021,29857.561439871788,7450.067093372345,9198.018270939589,-1747.9511775672436,0.2495202800930529,0.3080632786928324,-0.05854299859977947,0.0966299767786585,0.18691198462607755,0.07119424586994248,0.15847392393371054,0.2789863348249506,0.30818640430858596,-0.029200069483635342,0.08852408767594204,0.19934711190075205,0.07940447884329174,0.17792466023737027
