dcode,year,edu_literate_female,edu_literate_male,edu_school_attend_6_16_female,edu_school_attend_6_16_male,edu_attain_secondary_plus,mar_female_married_by_18,mar_female_age_first_mean,fert_birth_mean,fert_birth_son_mean,fert_birth_dau_mean,flfp_all,mlfp_all,fem_employment_rate,flfp_wage,fem_wage_share_of_employment,fem_share_of_ag_workers,fem_ag_specialization_ratio,work_share_agriculture,work_share_household_chores,fem_ownership_house,fem_ownership_land,fem_ownership_both,head_female_share,head_female_elderly,left_not_with_both,left_father_only,absent_hh_share
1,2001,0.428,0.6319,0.7469,0.7941,0.2549,0.3372,18.4709,3.2536,1.68,1.5736,0.7473,0.8028,0.7458,0.0191,0.0257,0.5156,0.9483,0.6437,0.0549,0.0838,0.1828,0.0793,0.152,0.0465,0.0997,0.0134,0.1425
1,2011,0.6469,0.8027,0.9007,0.892,0.2818,0.4028,18.109,2.5194,1.2633,1.2561,0.6346,0.7314,0.6305,0.0458,0.0726,0.5509,1.0015,0.5261,0.0784,0.0946,0.1969,0.0946,0.2753,0.0522,0.1363,0.016,0.2926
1,2021,0.7564,0.877,0.9398,0.9304,0.3952,0.3623,18.4022,2.1203,1.0846,1.0358,0.8119,0.8761,0.7959,0.0801,0.1006,0.5007,0.9896,0.6421,0.1861,0.0831,0.1517,0.0749,0.2281,0.0557,0.1508,0.0161,0.1675
2,2001,0.4533,0.6582,0.7976,0.8442,0.2465,0.331,18.5145,3.3229,1.7078,1.6151,0.713,0.7831,0.711,0.0172,0.0242,0.5089,0.9283,0.6081,0.0684,0.0495,0.1286,0.0434,0.1477,0.0354,0.106,0.0138,0.1418
2,2011,0.6632,0.8138,0.9208,0.9099,0.2967,0.3489,18.3773,2.5278,1.2988,1.2291,0.6166,0.7194,0.613,0.0379,0.0618,0.5677,1.0304,0.5127,0.0721,0.0696,0.1588,0.0696,0.2753,0.0427,0.1556,0.0081,0.341
2,2021,0.7122,0.8562,0.9463,0.9264,0.3459,0.4303,18.1461,2.1434,1.1145,1.0289,0.9591,0.9716,0.954,0.073,0.0765,0.5292,1.1176,0.7699,0.1041,0.1112,0.2016,0.0932,0.2714,0.0657,0.2051,0.0182,0.16
3,2001,0.5842,0.7446,0.8676,0.8805,0.326,0.3323,18.4708,2.9059,1.5021,1.4038,0.5994,0.769,0.5978,0.0573,0.0958,0.4731,0.9063,0.4735,0.1032,0.0373,0.0965,0.0338,0.0976,0.0218,0.1147,0.0144,0.0717
3,2011,0.723,0.8469,0.9209,0.9102,0.2804,0.3491,18.4867,1.9638,1.0206,0.9433,0.5744,0.7616,0.5696,0.0696,0.1222,0.5237,0.958,0.4244,0.1066,0.0813,0.1748,0.0813,0.1973,0.0327,0.1426,0.0115,0.2613
3,2021,0.6899,0.8432,0.9503,0.9428,0.3561,0.2707,19.0022,2.1874,1.1304,1.057,0.8555,0.8633,0.8385,0.0961,0.1146,0.552,1.258,0.5778,0.1394,0.1001,0.1852,0.0918,0.2677,0.0733,0.1821,0.0174,0.1386
4,2001,0.5907,0.7564,0.8256,0.8549,0.3979,0.3898,18.2298,2.647,1.3703,1.2767,0.4349,0.7623,0.4301,0.1234,0.287,0.4081,0.6729,0.2056,0.191,0.0915,0.1738,0.083,0.1639,0.0316,0.1317,0.0124,0.1199
4,2011,0.687,0.8277,0.9074,0.9101,0.4086,0.3207,18.5778,2.0823,1.0886,0.9937,0.4493,0.7596,0.4424,0.1229,0.2778,0.5091,0.8552,0.2362,0.199,0.177,0.3073,0.177,0.2693,0.0459,0.1317,0.0105,0.3229
4,2021,0.6604,0.8095,0.9379,0.942,0.3714,0.3167,18.6479,2.1045,1.0871,1.0174,0.8122,0.829,0.7849,0.0707,0.0901,0.5463,1.0972,0.6144,0.2769,0.1287,0.222,0.116,0.2635,0.0906,0.1489,0.0115,0.1515
5,2001,0.4665,0.6688,0.7329,0.7942,0.3784,0.4636,17.7724,2.7551,1.4347,1.3205,0.4741,0.7866,0.4684,0.1098,0.2344,0.4325,0.7469,0.2633,0.1921,0.0817,0.1688,0.0738,0.1367,0.0273,0.1149,0.0116,0.0954
5,2011,0.6322,0.7924,0.871,0.8759,0.4088,0.3912,18.1577,2.0867,1.0965,0.9903,0.4019,0.7489,0.3954,0.1056,0.2671,0.4892,0.8253,0.2146,0.2279,0.1689,0.2991,0.1689,0.2538,0.0379,0.1179,0.0078,0.2535
5,2021,0.6814,0.8323,0.9396,0.9261,0.4411,0.3724,18.1911,2.3169,1.2121,1.1048,0.9195,0.9346,0.91,0.0558,0.0613,0.5241,1.0516,0.7895,0.0733,0.0793,0.1671,0.0721,0.2709,0.0733,0.1617,0.0128,0.2131
6,2001,0.4999,0.7072,0.7538,0.8149,0.4275,0.4545,17.795,2.3941,1.2525,1.1417,0.3824,0.7719,0.3767,0.1111,0.295,0.3733,0.5939,0.1664,0.2302,0.083,0.1604,0.0725,0.1554,0.0265,0.1122,0.0086,0.0774
6,2011,0.6068,0.7762,0.8357,0.8539,0.4203,0.3866,18.1528,2.0589,1.0938,0.9651,0.3463,0.735,0.3376,0.1132,0.3354,0.452,0.7263,0.1544,0.2489,0.1704,0.3077,0.1704,0.2602,0.0389,0.1005,0.0063,0.2341
6,2021,0.7068,0.8561,0.9487,0.939,0.3623,0.3802,18.0537,2.1404,1.106,1.0344,0.8732,0.8945,0.8623,0.0629,0.0729,0.5195,1.0388,0.7306,0.1371,0.0912,0.1714,0.0822,0.2588,0.0811,0.2,0.0187,0.1932
7,2001,0.5512,0.7518,0.8706,0.8918,0.363,0.3279,18.601,2.5978,1.3117,1.2862,0.64,0.7466,0.6368,0.0524,0.0822,0.5261,1.0731,0.4553,0.088,0.053900000000000003,0.125,0.0488,0.1546,0.0344,0.1314,0.0118,0.102
7,2011,0.6763,0.8304,0.9246,0.9184,0.3044,0.3338,18.5264,2.0315,1.0391,0.9924,0.5784,0.7435,0.5752,0.0758,0.1318,0.6073,1.2221,0.3721,0.1163,0.1058,0.2327,0.1058,0.2927,0.0449,0.2643,0.0135,0.3138
7,2021,0.7426,0.8779,0.9652,0.9542,0.395,0.4095,18.2349,1.9069,0.9703,0.9366,0.8965,0.9344,0.8838,0.0777,0.0879,0.5404,1.0649,0.7078,0.0997,0.11,0.2256,0.0985,0.2974,0.0619,0.2525,0.0193,0.214
8,2001,0.4792,0.7156,0.842,0.8782,0.2967,0.3075,18.54,3.2946,1.7077,1.587,0.6817,0.7666,0.6788,0.0234,0.0345,0.4958,0.9105,0.5602,0.0827,0.0618,0.1754,0.0542,0.1549,0.0478,0.0986,0.0089,0.1359
8,2011,0.6738,0.8442,0.8995,0.8934,0.3265,0.3635,18.3393,2.3829,1.2271,1.1559,0.652,0.7471,0.6461,0.0371,0.0575,0.5762,1.0407,0.5341,0.0908,0.094,0.2254,0.094,0.2833,0.0515,0.1731,0.0084,0.3546
8,2021,0.7445,0.8913,0.9549,0.9453,0.4434,0.3925,18.1846,1.9835,1.0047,0.9788,0.9289,0.9481,0.917,0.0674,0.0735,0.5281,1.0442,0.7518,0.1075,0.1093,0.2228,0.0965,0.2716,0.0641,0.2407,0.0182,0.2159
9,2001,0.445,0.6351,0.7842,0.834,0.3606,0.3394,18.3855,2.76,1.44,1.32,0.6658,0.7932,0.6628,0.0471,0.0711,0.5092,0.9358,0.5183,0.0943,0.0725,0.1632,0.0635,0.1571,0.0471,0.1008,0.0082,0.1375
9,2011,0.6269,0.7853,0.884,0.8842,0.2712,0.3917,18.1849,2.3001,1.1908,1.1093,0.5941,0.7278,0.5911,0.0537,0.0908,0.5749,1.1112,0.4328,0.1216,0.1014,0.2305,0.1014,0.2744,0.057,0.1657,0.009,0.277
9,2021,0.7462,0.8832,0.957,0.9464,0.3972,0.3645,18.5665,1.9731,1.022,0.9511,0.8344,0.8814,0.8185,0.0782,0.0955,0.5134,1.007,0.655,0.167,0.0673,0.1539,0.0602,0.26,0.0506,0.2292,0.0177,0.2284
10,2001,0.4431,0.6616,0.7787,0.845,0.2112,0.338,18.4116,3.0989,1.5883,1.5105,0.753,0.8043,0.7499,0.0185,0.0247,0.5406,0.9936,0.6544,0.0579,0.0693,0.1382,0.0609,0.1879,0.0506,0.118,0.0124,0.133
10,2011,0.6184,0.794,0.9069,0.9085,0.2551,0.3651,18.2825,2.5775,1.3238,1.2537,0.7028,0.7479,0.7003,0.0338,0.0482,0.5793,1.084,0.6055,0.0591,0.0999,0.2112,0.0999,0.2739,0.067,0.1024,0.0103,0.2934
10,2021,0.7721,0.8812,0.9548,0.9462,0.3946,0.3506,18.452,1.6637,0.8612,0.8025,0.8193,0.8831,0.7948,0.0877,0.1104,0.5101,0.9968,0.622,0.1223,0.0767,0.1616,0.067,0.2246,0.0464,0.1998,0.0235,0.2082
11,2001,0.3577,0.5665,0.6812,0.7699,0.2207,0.3536,18.3958,3.2584,1.6532,1.6052,0.8497,0.8524,0.8468,0.0268,0.0317,0.5525,1.1285,0.7171,0.0221,0.0854,0.214,0.0787,0.1962,0.0556,0.1231,0.0173,0.0767
11,2011,0.5623,0.7455,0.8722,0.8771,0.2556,0.3269,18.4785,2.82,1.4572,1.3627,0.7138,0.7541,0.712,0.0551,0.0773,0.5753,1.2063,0.5391,0.0418,0.1047,0.2204,0.1047,0.2287,0.0583,0.1151,0.0121,0.1784
11,2021,0.7667,0.8804,0.9484,0.942,0.4958,0.3185,18.5254,1.8287,0.9535,0.8753,0.7609,0.8683,0.7313,0.2005,0.2741,0.5801,1.2214,0.3581,0.1788,0.1876,0.3091,0.1733,0.3574,0.0598,0.2803,0.0177,0.2885
12,2001,0.3642,0.6344,0.6831,0.8045,0.2137,0.3988,18.0604,3.0444,1.5689,1.4755,0.8524,0.8423,0.8505,0.0264,0.031,0.5579,1.085,0.7061,0.0269,0.0932,0.2613,0.0881,0.183,0.0513,0.1237,0.0119,0.1089
12,2011,0.5644,0.7527,0.8874,0.893,0.2634,0.393,18.118,2.61,1.3356,1.2745,0.7063,0.7486,0.7023,0.0473,0.0674,0.6209,1.2015,0.5815,0.0599,0.1248,0.2902,0.1248,0.284,0.0695,0.1321,0.0075,0.2375
12,2021,0.7106,0.8361,0.9255,0.9148,0.4818,0.3259,18.4395,1.8961,0.9808,0.9153,0.681,0.8329,0.6481,0.2062,0.3182,0.5647,1.1634,0.2977,0.2173,0.19,0.3149,0.173,0.2947,0.0534,0.2142,0.0119,0.2256
13,2001,0.3904,0.6254,0.7293,0.8207,0.2606,0.3705,18.298,3.2825,1.6828,1.5997,0.8292,0.824,0.828,0.0148,0.0179,0.5559,1.0822,0.7441,0.0249,0.0631,0.1716,0.0576,0.1725,0.0457,0.1514,0.0138,0.1478
13,2011,0.6164,0.7877,0.9011,0.9028,0.3012,0.4001,18.0481,2.7078,1.3785,1.3293,0.6358,0.6962,0.6316,0.0353,0.0558,0.5778,1.0619,0.5601,0.0777,0.0785,0.207,0.0785,0.2665,0.0589,0.1339,0.01,0.3199
13,2021,0.693,0.8287,0.8911,0.8921,0.4933,0.3312,18.3818,2.0325,1.0548,0.9777,0.6116,0.8028,0.5672,0.2179,0.3843,0.5504,1.1279,0.2029,0.2332,0.1683,0.2795,0.1491,0.3081,0.0427,0.1989,0.0081,0.2193
14,2001,0.4232,0.6475,0.7058,0.7736,0.3452,0.452,17.8063,2.9192,1.5024,1.4168,0.5283,0.8077,0.5212,0.0518,0.0993,0.4497,0.793,0.4028,0.1727,0.0692,0.1637,0.063,0.1206,0.0258,0.1196,0.0137,0.0632
14,2011,0.6187,0.7811,0.9084,0.9054,0.3134,0.4231,17.9646,2.535,1.3081,1.2269,0.556,0.743,0.5523,0.0465,0.0842,0.555,0.9594,0.4319,0.127,0.1,0.231,0.1,0.2896,0.0415,0.1298,0.0075,0.267
14,2021,0.7031,0.8318,0.9358,0.9256,0.4256,0.3709,18.3175,2.1274,1.0931,1.0343,0.7641,0.8346,0.7405,0.0978,0.1321,0.5593,1.0962,0.5224,0.1847,0.1012,0.1887,0.0902,0.3304,0.0541,0.2121,0.0155,0.2036
15,2001,0.3528,0.6311,0.6337,0.7632,0.5421,0.5787,16.958,2.3452,1.2718,1.0734,0.3618,0.7834,0.3577,0.0918,0.2567,0.365,0.6095,0.2445,0.2492,0.0366,0.1022,0.0265,0.0574,0.014,0.0916,0.0121,0.0238
15,2011,0.4252,0.6772,0.7209,0.8016,0.4761,0.5265,17.2059,1.9089,1.0155,0.8934,0.3602,0.7016,0.3513,0.074,0.2107,0.4793,0.8626,0.2474,0.2509,0.0757,0.2025,0.0757,0.1533,0.0266,0.091,0.0047,0.1793
15,2021,0.5657,0.784,0.8597,0.8829,0.5371,0.3356,18.2839,2.1544,1.1658,0.9887,0.6126,0.7714,0.5714,0.1615,0.2826,0.5239,1.031,0.3118,0.2916,0.1222,0.2304,0.0989,0.2239,0.038,0.1734,0.0035,0.1923
16,2001,0.2726,0.535,0.5588,0.697,0.4895,0.6074,16.7156,2.6285,1.3957,1.2328,0.3258,0.804,0.3218,0.081,0.2516,0.3034,0.4567,0.2298,0.2863,0.0342,0.1002,0.0307,0.0849,0.0168,0.1567,0.0198,0.075
16,2011,0.3929,0.6275,0.6959,0.7712,0.4825,0.5717,16.9744,2.1003,1.1313,0.969,0.2927,0.7227,0.2863,0.0697,0.2433,0.3913,0.5729,0.2324,0.3076,0.0757,0.2095,0.0757,0.2077,0.0313,0.0865,0.004,0.3119
16,2021,0.5525,0.7459,0.8422,0.8504,0.5282,0.4326,17.9018,2.2898,1.2445,1.0453,0.6379,0.7662,0.5942,0.1647,0.2772,0.5333,0.9805,0.3357,0.2628,0.1258,0.2226,0.1056,0.30620000000000003,0.0377,0.2637,0.0042,0.3208
17,2001,0.3666,0.6029,0.595,0.7111,0.5416,0.5925,16.7799,2.921,1.556,1.365,0.2792,0.7521,0.2744,0.0576,0.2099,0.3144,0.5205,0.1576,0.2718,0.0481,0.1146,0.0386,0.085,0.0199,0.1402,0.0177,0.0911
17,2011,0.4021,0.6125,0.6521,0.7206,0.4883,0.5754,16.9082,1.9314,1.0463,0.885,0.2896,0.725,0.277,0.048,0.1732,0.3578,0.5246,0.2807,0.3103,0.0993,0.212,0.0993,0.1978,0.0282,0.1043,0.0043,0.3446
17,2021,0.5425,0.7334,0.843,0.858,0.503,0.4824,17.5047,2.3714,1.2911,1.0804,0.5766,0.7641,0.5356,0.1477,0.2758,0.5148,0.891,0.2903,0.3075,0.1695,0.2658,0.141,0.3314,0.0369,0.3077,0.0033,0.3652
18,2001,0.2239,0.4554,0.4773,0.6058,0.4413,0.6248,16.5626,2.5789,1.4026,1.1763,0.2602,0.8296,0.2553,0.0576,0.2255,0.2845,0.4359,0.2463,0.3276,0.0382,0.0914,0.0317,0.0747,0.0189,0.1238,0.0129,0.0622
18,2011,0.3661,0.5729,0.6256,0.7052,0.4262,0.5773,16.9346,2.3167,1.2284,1.0882,0.2377,0.7654,0.2305,0.0545,0.2364,0.2831,0.3661,0.2047,0.3458,0.0852,0.2027,0.0852,0.1942,0.0327,0.0817,0.0033,0.283
18,2021,0.505,0.6765,0.7887,0.7985,0.4803,0.4238,17.7345,2.4746,1.3098,1.1649,0.4691,0.7393,0.4101,0.1463,0.3568,0.3878,0.5638,0.197,0.3332,0.1426,0.2299,0.121,0.266,0.0352,0.2478,0.0043,0.3126
19,2001,0.2522,0.4667,0.5308,0.6486,0.4313,0.5945,16.7923,2.5486,1.3671,1.1815,0.3,0.8324,0.2942,0.0675,0.2294,0.255,0.3711,0.2539,0.2983,0.0475,0.1096,0.0425,0.0573,0.0162,0.0939,0.0134,0.0315
19,2011,0.368,0.5654,0.6028,0.6895,0.4007,0.5634,17.0956,2.394,1.2681,1.1259,0.2203,0.7871,0.2067,0.0546,0.2643,0.2584,0.3502,0.2152,0.3298,0.1002,0.2016,0.1002,0.1109,0.0231,0.0423,0.0032,0.1279
19,2021,0.5073,0.6758,0.7713,0.7997,0.4657,0.414,17.8217,2.5162,1.3386,1.1776,0.4719,0.7545,0.4192,0.1492,0.3559,0.3543,0.5368,0.2159,0.3071,0.1454,0.2211,0.1237,0.1876,0.0297,0.1393,0.0055,0.1759
20,2001,0.3779,0.6222,0.68,0.7787,0.3443,0.5069,17.626,3.001,1.545,1.456,0.5741,0.8271,0.5689,0.0434,0.0763,0.4333,0.7611,0.4449,0.161,0.0517,0.1238,0.0473,0.0973,0.0284,0.0975,0.0103,0.0487
20,2011,0.5254,0.7082,0.8389,0.8654,0.3073,0.4522,17.7966,2.9363,1.5076,1.4287,0.6053,0.7612,0.6007,0.0431,0.0718,0.5423,0.957,0.51,0.1159,0.081,0.1952,0.081,0.2457,0.0419,0.1133,0.0078,0.2147
20,2021,0.4834,0.6541,0.7352,0.7599,0.4429,0.4622,17.5261,2.6696,1.4212,1.2484,0.535,0.798,0.4889,0.1506,0.3081,0.424,0.7303,0.2614,0.2768,0.139,0.2042,0.1129,0.1457,0.0251,0.1106,0.0037,0.1391
21,2001,0.2684,0.5353,0.6211,0.7718,0.1974,0.4023,18.1015,3.3253,1.6997,1.6256,0.7449,0.8235,0.7415,0.0165,0.0222,0.5528,1.0224,0.6465,0.0881,0.0651,0.152,0.0613,0.2014,0.0551,0.1149,0.0105,0.0941
21,2011,0.5367,0.7332,0.8919,0.8994,0.248,0.3806,18.1876,2.4337,1.2452,1.1885,0.6644,0.73,0.6627,0.0417,0.0629,0.6174,1.1959,0.5473,0.0627,0.0774,0.1856,0.0774,0.2806,0.0801,0.1014,0.0069,0.1901
21,2021,0.5374,0.7241,0.8174,0.8253,0.4152,0.4234,17.7815,2.4739,1.3404,1.1335,0.508,0.7883,0.4509,0.1474,0.3269,0.4098,0.7172,0.2388,0.2786,0.129,0.1786,0.0991,0.1171,0.0239,0.0682,0.0043,0.1074
22,2001,0.3876,0.6382,0.7461,0.8254,0.3401,0.3691,18.2639,2.5572,1.3251,1.2321,0.7643,0.791,0.758,0.0289,0.0381,0.5864,1.3147,0.4783,0.052,0.0498,0.1085,0.0452,0.1839,0.0599,0.1176,0.0138,0.0431
22,2011,0.5392,0.7413,0.9113,0.9173,0.2428,0.3317,18.367,2.4286,1.2577,1.1708,0.6658,0.7301,0.6628,0.0603,0.091,0.6584,1.5048,0.4595,0.074,0.0885,0.1804,0.0885,0.344,0.0828,0.1306,0.0087,0.1662
22,2021,0.5678,0.7532,0.8333,0.8442,0.3725,0.3785,18.0783,2.4817,1.3168,1.1649,0.475,0.7978,0.4287,0.1466,0.3419,0.4048,0.7148,0.208,0.2807,0.1458,0.1968,0.1122,0.0936,0.0196,0.0713,0.0052,0.0881
23,2001,0.2961,0.5183,0.6186,0.7655,0.2092,0.5027,17.5213,2.9349,1.5112,1.4237,0.783,0.8691,0.7792,0.0242,0.0311,0.5171,1.0307,0.6547,0.0652,0.0441,0.0883,0.0401,0.1249,0.0389,0.0931,0.014,0.0635
23,2011,0.5194,0.6844,0.8635,0.8684,0.2265,0.3865,18.0996,2.486,1.2907,1.1953,0.6872,0.7927,0.6855,0.0465,0.0679,0.5805,1.1836,0.5503,0.0822,0.0542,0.1129,0.0542,0.2405,0.0573,0.0997,0.0127,0.2068
23,2021,0.6314,0.8116,0.9531,0.951,0.3764,0.2673,19.176,2.1299,1.0997,1.0302,0.8566,0.8756,0.8357,0.0978,0.1171,0.5727,1.2598,0.5877,0.1321,0.1171,0.185,0.1028,0.3777,0.1058,0.1844,0.0094,0.1349
24,2001,0.5184,0.7568,0.826,0.8759,0.3554,0.4488,17.8248,2.5946,1.3462,1.2484,0.6082,0.8001,0.6038,0.0825,0.1367,0.5645,1.1949,0.3988,0.136,0.0636,0.1316,0.0585,0.1463,0.0374,0.1055,0.0107,0.0288
24,2011,0.6098,0.8013,0.8996,0.8974,0.3373,0.3411,18.4247,2.0374,1.0559,0.9815,0.5544,0.73,0.5481,0.1077,0.1964,0.6206,1.4489,0.2971,0.1148,0.1046,0.1957,0.1046,0.2127,0.056,0.0753,0.0051,0.1461
24,2021,0.601,0.7458,0.9448,0.9269,0.3278,0.3082,18.5577,2.1573,1.1155,1.0418,0.8215,0.8603,0.7906,0.0863,0.1092,0.5523,1.164,0.5737,0.1685,0.0741,0.1149,0.0619,0.2789,0.082,0.1808,0.0256,0.1737
25,2001,0.598,0.8064,0.8702,0.8963,0.5441,0.3603,18.3718,2.1968,1.1458,1.051,0.422,0.7491,0.4119,0.1265,0.3071,0.5274,1.1603,0.1605,0.1966,0.0747,0.0875,0.0411,0.1417,0.04,0.0868,0.0092,0.0541
25,2011,0.7468,0.9031,0.9133,0.9078,0.585,0.2921,18.816,1.6875,0.8793,0.8083,0.4462,0.7165,0.4387,0.1944,0.4431,0.5989,1.5,0.112,0.1685,0.1323,0.2148,0.1323,0.2393,0.0458,0.0973,0.007,0.1513
25,2021,0.6242,0.749,0.9582,0.9416,0.3981,0.3125,18.8292,2.3675,1.1821,1.1855,0.798,0.8425,0.7646,0.0993,0.1298,0.5481,1.2394,0.4908,0.2281,0.1074,0.144,0.0855,0.2051,0.0581,0.1092,0.0214,0.1697
26,2001,0.5936,0.8093,0.9117,0.9155,0.4807,0.3094,18.5957,2.5101,1.3025,1.2077,0.4446,0.7662,0.4362,0.1233,0.2827,0.5107,1.0881,0.2037,0.1776,0.0507,0.081,0.036,0.1234,0.0453,0.0963,0.0117,0.0209
26,2011,0.7252,0.9062,0.9281,0.9181,0.5408,0.249,19.0929,1.7789,0.9408,0.8381,0.4747,0.7154,0.4681,0.16,0.3419,0.6191,1.592,0.1577,0.1525,0.1303,0.2242,0.1303,0.2219,0.0433,0.0866,0.0057,0.1165
26,2021,0.6487,0.782,0.9511,0.9313,0.3453,0.3722,18.3341,2.1524,1.1208,1.0316,0.7955,0.8427,0.7706,0.0878,0.114,0.5629,1.1717,0.5441,0.1543,0.0961,0.1502,0.0821,0.278,0.0689,0.2032,0.0155,0.1844
27,2001,0.6557,0.8595,0.9007,0.9128,0.6089,0.3285,18.5688,2.1022,1.0901,1.0121,0.3624,0.7054,0.3549,0.1562,0.44,0.6,1.7154,0.0787,0.2006,0.0796,0.0837,0.0443,0.1631,0.0322,0.1084,0.0106,0.0564
27,2011,0.7972,0.9234,0.9223,0.909,0.639,0.264,18.9676,1.6278,0.8587,0.769,0.3482,0.6782,0.3399,0.1779,0.5234,0.5564,1.3378,0.0453,0.1991,0.1357,0.2236,0.1357,0.278,0.0355,0.1199,0.0096,0.1596
27,2021,0.6042,0.7504,0.9488,0.9307,0.3761,0.3356,18.3545,2.1881,1.1168,1.0713,0.8067,0.8541,0.7806,0.0918,0.1176,0.5579,1.1436,0.5675,0.1577,0.0995,0.1577,0.0878,0.281,0.0682,0.1921,0.0164,0.1746
28,2001,0.4092,0.6253,0.7302,0.8186,0.3056,0.4834,17.6942,3.0321,1.5567,1.4754,0.6339,0.8119,0.6289,0.0354,0.0562,0.5062,0.9593,0.4656,0.1196,0.0427,0.0976,0.0378,0.1122,0.0316,0.1137,0.0182,0.0626
28,2011,0.5251,0.6842,0.8455,0.8539,0.277,0.4165,17.9715,2.1815,1.1383,1.0433,0.5266,0.751,0.5231,0.0597,0.1141,0.5735,1.1333,0.3766,0.146,0.069,0.1428,0.069,0.213,0.0496,0.1059,0.007,0.1874
28,2021,0.8314,0.9384,0.9715,0.9619,0.6873,0.231,19.3218,1.5485,0.8224,0.726,0.5448,0.7347,0.4971,0.2712,0.5457,0.5598,1.239,0.0385,0.1828,0.1884,0.2504,0.1467,0.338,0.0427,0.1763,0.0123,0.1799
29,2001,0.2472,0.4261,0.5696,0.6917,0.3169,0.5016,17.4837,2.8432,1.4637,1.3795,0.84,0.8959,0.8377,0.0327,0.039,0.5148,1.1394,0.6972,0.0407,0.0245,0.0547,0.02,0.0929,0.0282,0.0794,0.0137,0.0329
29,2011,0.4654,0.6132,0.8793,0.8994,0.3965,0.4373,17.8616,2.5373,1.2854,1.2519,0.7176,0.7895,0.7146,0.0391,0.0547,0.575,1.2388,0.5607,0.0616,0.0472,0.0803,0.0472,0.2249,0.0407,0.1297,0.0143,0.2487
29,2021,0.8149,0.9395,0.9644,0.9613,0.6429,0.2333,19.5167,1.6224,0.8734,0.7489,0.6409,0.7816,0.5913,0.2801,0.4737,0.5914,1.4578,0.0999,0.1582,0.1731,0.2163,0.1184,0.2655,0.0402,0.1372,0.0121,0.1599
30,2001,0.3381,0.5387,0.7089,0.7928,0.2311,0.4716,17.6007,3.3164,1.7082,1.6082,0.7995,0.858,0.7956,0.0189,0.0238,0.5394,1.053,0.6618,0.0565,0.0383,0.0849,0.0343,0.178,0.0352,0.0909,0.0096,0.1196
30,2011,0.5589,0.7175,0.8944,0.8926,0.2487,0.4257,17.8994,2.5865,1.3389,1.2476,0.6476,0.7728,0.6446,0.041,0.0637,0.6054,1.1929,0.5149,0.0933,0.0721,0.1432,0.0721,0.2782,0.053,0.123,0.0065,0.231
30,2021,0.799,0.9175,0.9576,0.9446,0.6292,0.2853,18.9801,1.6014,0.8402,0.7612,0.6343,0.7879,0.5931,0.2589,0.4366,0.554,1.2127,0.1463,0.1533,0.1691,0.2071,0.129,0.2711,0.0519,0.1406,0.0114,0.165
31,2001,0.5351,0.7276,0.772,0.8214,0.4272,0.4903,17.6037,2.6877,1.3997,1.288,0.4399,0.7917,0.4343,0.069,0.1589,0.5066,1.0609,0.2725,0.1941,0.0607,0.1168,0.0551,0.1072,0.025,0.0887,0.0091,0.0272
31,2011,0.6104,0.763,0.859,0.8596,0.2956,0.4153,18.0463,2.6523,1.3705,1.2818,0.5957,0.7968,0.5902,0.0563,0.0954,0.5648,1.1521,0.4315,0.1198,0.1195,0.194,0.1195,0.2255,0.0358,0.0999,0.0084,0.1577
31,2021,0.6578,0.8289,0.9488,0.935,0.4654,0.2989,18.6447,2.0474,1.0693,0.9781,0.8023,0.8547,0.7821,0.1203,0.1538,0.5674,1.2999,0.4983,0.1318,0.1178,0.1751,0.1,0.2452,0.0701,0.1618,0.0107,0.1676
32,2001,0.2166,0.4263,0.4508,0.5797,0.413,0.6235,16.5943,2.4894,1.3409,1.1485,0.3269,0.8351,0.3187,0.0615,0.1931,0.2829,0.4292,0.3102,0.2916,0.0478,0.1051,0.0456,0.0389,0.0143,0.1027,0.0132,0.0294
32,2011,0.322,0.5172,0.5208,0.6105,0.4238,0.6168,16.6343,2.2111,1.1774,1.0337,0.211,0.7793,0.2054,0.0491,0.2392,0.2601,0.3713,0.245,0.3369,0.0872,0.1716,0.0872,0.0572,0.0171,0.023,0.0031,0.0695
32,2021,0.5921,0.7706,0.9534,0.9387,0.3681,0.3201,18.4508,2.1281,1.0766,1.0516,0.7961,0.8401,0.7777,0.0776,0.0998,0.5775,1.1848,0.5766,0.2182,0.1214,0.1849,0.1076,0.3567,0.1101,0.1967,0.0152,0.1575
33,2001,0.2884,0.5486,0.5448,0.6995,0.4233,0.6826,16.045,2.5436,1.367,1.1766,0.2071,0.8256,0.2038,0.0604,0.2965,0.2018,0.2708,0.219,0.3453,0.0495,0.1073,0.0437,0.0429,0.0127,0.0583,0.0075,0.0177
33,2011,0.4075,0.6364,0.6873,0.7514,0.3582,0.6388,16.5997,2.3783,1.2662,1.1121,0.259,0.7633,0.2556,0.06,0.2346,0.3398,0.5302,0.2175,0.3034,0.1103,0.2012,0.1103,0.076,0.0168,0.0351,0.0029,0.0945
33,2021,0.6424,0.7919,0.9223,0.9032,0.3892,0.3564,18.3616,2.3694,1.2189,1.1505,0.8625,0.8967,0.8467,0.0863,0.1019,0.5521,1.1827,0.6302,0.1668,0.1059,0.1922,0.0953,0.2782,0.0521,0.1801,0.0126,0.1638
34,2001,0.2802,0.5516,0.5137,0.6761,0.3816,0.6622,16.1116,2.5361,1.3637,1.1724,0.362,0.8469,0.3596,0.0974,0.2708,0.3012,0.4715,0.2453,0.2768,0.0588,0.1112,0.0493,0.0473,0.0126,0.057,0.0082,0.0244
34,2011,0.4399,0.6778,0.684,0.7475,0.3853,0.6141,16.6392,2.3091,1.2365,1.0725,0.2161,0.7786,0.2125,0.0588,0.2767,0.2907,0.4432,0.2057,0.3292,0.1145,0.2005,0.1145,0.0566,0.0145,0.0273,0.0032,0.0658
34,2021,0.6918,0.8138,0.9165,0.8744,0.3246,0.3476,18.4216,2.1929,1.1273,1.0657,0.7609,0.8318,0.7357,0.1073,0.1458,0.5433,1.2045,0.4785,0.1804,0.1032,0.1645,0.0967,0.2665,0.0516,0.1267,0.0161,0.1417
35,2001,0.6313,0.7934,0.8548,0.8739,0.4434,0.4171,18.0595,2.6695,1.3764,1.2931,0.4264,0.7247,0.4206,0.0774,0.184,0.5144,1.0634,0.2064,0.1864,0.0815,0.1716,0.0755,0.1805,0.0282,0.1409,0.013,0.1161
35,2011,0.7079,0.8429,0.9138,0.9032,0.3875,0.3735,18.2825,2.1622,1.127,1.0352,0.4784,0.7156,0.4733,0.0812,0.1716,0.6101,1.2993,0.2704,0.1715,0.1712,0.2876,0.1712,0.337,0.0387,0.158,0.0082,0.2903
35,2021,0.766,0.8704,0.9251,0.9248,0.4593,0.3348,18.6312,1.8322,0.9617,0.8705,0.6846,0.8072,0.6474,0.1694,0.2616,0.5762,1.1947,0.3082,0.1861,0.1638,0.2514,0.1457,0.3259,0.0455,0.2261,0.0127,0.2524
36,2001,0.4637,0.6509,0.8309,0.8832,0.2992,0.4055,18.0448,2.9326,1.5029,1.4296,0.7317,0.7746,0.7225,0.0316,0.0438,0.6162,1.2764,0.5447,0.0602,0.0473,0.1022,0.0429,0.239,0.0493,0.1632,0.0115,0.2002
36,2011,0.5966,0.7573,0.9094,0.9214,0.2216,0.4115,17.9483,2.251,1.1602,1.0908,0.5743,0.717,0.5708,0.0532,0.0933,0.6601,1.3272,0.4045,0.1298,0.0875,0.1721,0.0875,0.3721,0.0701,0.249,0.0093,0.3199
36,2021,0.6363,0.7919,0.9476,0.9444,0.3272,0.3266,19.3735,2.0229,1.0408,0.9821,0.7771,0.8197,0.749,0.0873,0.1166,0.5803,1.1187,0.5334,0.1669,0.1139,0.1781,0.0985,0.3661,0.0925,0.3237,0.0142,0.2446
37,2001,0.4695,0.6905,0.8471,0.9048,0.2508,0.3997,18.1464,2.9444,1.4986,1.4458,0.7512,0.7616,0.7439,0.0289,0.0389,0.6218,1.2633,0.5724,0.058,0.0733,0.1418,0.0665,0.2559,0.0589,0.1868,0.018,0.249
37,2011,0.6332,0.811,0.9242,0.9282,0.2852,0.426,17.9171,2.1147,1.096,1.0188,0.6322,0.6974,0.6291,0.0521,0.0829,0.6572,1.2821,0.4477,0.1108,0.1238,0.2297,0.1238,0.4066,0.0747,0.2254,0.0065,0.3798
37,2021,0.6526,0.8799,0.9238,0.932,0.4872,0.3,18.4333,1.744,0.875,0.869,0.9057,0.9569,0.8748,0.2727,0.3118,0.5616,2.14,0.2646,0.0861,0.1448,0.2368,0.0988,0.3356,0.1227,0.1447,0.0164,0.1438
38,2001,0.54,0.7318,0.8331,0.8827,0.3066,0.4172,18.0563,2.6664,1.3614,1.305,0.6447,0.733,0.6405,0.0366,0.0572,0.6174,1.2804,0.4392,0.1044,0.0615,0.1257,0.0523,0.2765,0.053900000000000003,0.2163,0.0136,0.2907
38,2011,0.6805,0.8426,0.9046,0.9111,0.2648,0.4277,17.8981,2.1777,1.1293,1.0484,0.5774,0.7059,0.5731,0.0462,0.0806,0.6569,1.234,0.4248,0.154,0.1295,0.2263,0.1295,0.4269,0.0654,0.2681,0.005,0.4358
38,2021,0.624,0.8376,0.9208,0.8838,0.4106,0.3151,19.7945,1.8482,0.9121,0.9362,0.8731,0.8902,0.8332,0.2482,0.2979,0.517,1.6413,0.3384,0.0703,0.1359,0.168,0.0995,0.2745,0.0771,0.4944,0.0084,0.2282
39,2001,0.5744,0.7825,0.9014,0.9316,0.3085,0.3877,18.1509,2.7374,1.4106,1.3269,0.7194,0.7416,0.7165,0.0442,0.0617,0.6915,1.574,0.494,0.0785,0.0469,0.0862,0.0408,0.327,0.0678,0.2892,0.0129,0.3973
39,2011,0.6969,0.8662,0.9446,0.9465,0.2862,0.3557,18.2677,2.1836,1.1364,1.0471,0.566,0.6378,0.563,0.0565,0.1003,0.7301,1.7192,0.3632,0.1273,0.104,0.1823,0.104,0.4291,0.0885,0.2622,0.0062,0.4968
39,2021,0.7219,0.8728,0.9576,0.9415,0.3581,0.3587,18.8957,2.1222,1.0835,1.0388,0.8418,0.8807,0.8186,0.1097,0.1341,0.5493,1.1672,0.5564,0.1558,0.1143,0.1659,0.0983,0.3965,0.0919,0.2859,0.0106,0.283
40,2001,0.6139,0.8287,0.8914,0.9106,0.3764,0.3991,18.1177,2.4972,1.2881,1.209,0.5177,0.6881,0.5122,0.0743,0.1451,0.6323,1.4537,0.2732,0.1656,0.1024,0.1666,0.0882,0.295,0.0544,0.226,0.0114,0.2278
40,2011,0.7538,0.9047,0.9299,0.928,0.4609,0.3355,18.4847,1.9478,1.0174,0.9305,0.4297,0.6566,0.4221,0.1051,0.249,0.658,1.6167,0.1782,0.19,0.1671,0.2677,0.1671,0.3866,0.0577,0.2082,0.0077,0.3231
40,2021,0.7883,0.9206,0.9658,0.9537,0.514,0.2918,18.9726,1.746,0.9298,0.8162,0.6634,0.7641,0.6166,0.192,0.3113,0.5683,1.2289,0.2329,0.1806,0.2177,0.2682,0.1707,0.3904,0.081,0.2737,0.0114,0.2857
41,2001,0.524,0.6669,0.9297,0.9333,0.3231,0.2458,18.839,2.4037,1.2067,1.197,0.7291,0.7959,0.726,0.0664,0.0915,0.5442,1.3597,0.4658,0.0405,0.0467,0.112,0.0389,0.1959,0.0738,0.2076,0.026,0.0794
41,2011,0.6418,0.8325,0.9438,0.87,0.3499,0.2478,19.0442,1.9255,0.9866,0.939,0.7606,0.8259,0.7589,0.1361,0.1793,0.5832,1.6564,0.3728,0.0347,0.1112,0.2051,0.1112,0.2358,0.0885,0.1093,0.0131,0.1112
41,2021,0.688,0.8473,0.9546,0.9514,0.3906,0.2862,19.6481,1.8066,0.9452,0.8615,0.7429,0.7835,0.7159,0.1277,0.1784,0.5637,1.0918,0.461,0.2159,0.1483,0.2206,0.1226,0.4265,0.1061,0.313,0.0136,0.2972
42,2001,0.4089,0.604,0.7682,0.8365,0.3171,0.246,19.0645,2.7242,1.4177,1.3065,0.7981,0.8764,0.7891,0.1284,0.1627,0.5398,1.4367,0.4441,0.0535,0.0604,0.0799,0.0466,0.2063,0.0549,0.2183,0.0231,0.1927
42,2011,0.5583,0.7588,0.8569,0.9101,0.3223,0.3,18.7217,2.1059,1.076,1.0298,0.8361,0.8938,0.8332,0.1476,0.1772,0.5712,1.3442,0.4974,0.0424,0.0805,0.1162,0.0805,0.2376,0.0725,0.1596,0.012,0.2635
42,2021,0.7413,0.8801,0.9515,0.9415,0.3686,0.3692,18.9111,1.851,0.9639,0.8871,0.7575,0.8183,0.7292,0.1224,0.1678,0.6136,1.2642,0.4311,0.1596,0.1716,0.2552,0.1387,0.4424,0.0751,0.3543,0.0142,0.3153
43,2001,0.4552,0.6793,0.82,0.8715,0.1819,0.3767,18.2117,2.706,1.3692,1.3367,0.7538,0.7976,0.7509,0.0313,0.0417,0.6126,1.1996,0.5936,0.0746,0.053900000000000003,0.0875,0.0481,0.3073,0.0572,0.2144,0.0109,0.2942
43,2011,0.6479,0.8197,0.9064,0.9101,0.2354,0.4099,17.9893,2.3126,1.1879,1.1246,0.6918,0.744,0.6876,0.0647,0.0941,0.6885,1.4621,0.4867,0.0771,0.0942,0.1532,0.0942,0.435,0.0768,0.2524,0.007,0.4126
43,2021,0.7528,0.8806,0.9491,0.9449,0.3962,0.3559,18.9026,1.8718,0.9798,0.892,0.7274,0.8128,0.6877,0.139,0.2021,0.621,1.3282,0.3621,0.1778,0.1944,0.2994,0.1691,0.3907,0.0512,0.2985,0.0136,0.3516
44,2001,0.484,0.6842,0.8719,0.8889,0.3194,0.4003,17.9867,3.0147,1.5529,1.4618,0.7814,0.7811,0.7773,0.0475,0.0611,0.6627,1.4312,0.5596,0.0487,0.0595,0.1113,0.0533,0.3089,0.0653,0.2223,0.0109,0.3219
44,2011,0.6658,0.8419,0.9216,0.9229,0.3637,0.3803,18.1043,2.3149,1.2229,1.092,0.63,0.6748,0.6262,0.0768,0.1226,0.6992,1.5199,0.4128,0.1089,0.1147,0.2126,0.1147,0.405,0.0845,0.2871,0.0092,0.432
44,2021,0.7395,0.8952,0.9626,0.96,0.4254,0.2933,19.1201,1.8837,0.9947,0.8889,0.7885,0.809,0.7489,0.1062,0.1419,0.6091,1.2276,0.4946,0.2148,0.1431,0.2223,0.1161,0.3976,0.1134,0.3669,0.0123,0.3655
45,2001,0.5271,0.7382,0.8262,0.8781,0.3344,0.4023,18.116,2.4868,1.2844,1.2024,0.6503,0.7329,0.6467,0.0501,0.0775,0.6334,1.322,0.4593,0.1087,0.0527,0.0905,0.0453,0.2951,0.0486,0.2149,0.0115,0.3808
45,2011,0.657,0.8167,0.8934,0.9096,0.2611,0.3909,18.0819,2.0753,1.0817,0.9936,0.4788,0.6473,0.475,0.0722,0.152,0.6928,1.524,0.2821,0.1718,0.0826,0.143,0.0826,0.4191,0.0628,0.2747,0.0073,0.4738
45,2021,0.7268,0.8706,0.952,0.9427,0.4954,0.3085,18.5644,2.0194,1.0691,0.9503,0.7704,0.8057,0.7293,0.1367,0.1874,0.5953,1.2176,0.4511,0.2125,0.1443,0.2157,0.1174,0.3754,0.0966,0.3399,0.0108,0.3371
46,2001,0.4806,0.6978,0.8207,0.8754,0.2049,0.4392,17.7688,3.018,1.5378,1.4802,0.7404,0.7706,0.7342,0.0404,0.055,0.6462,1.194,0.5484,0.0725,0.0377,0.0728,0.0335,0.3145,0.0538,0.1921,0.009,0.4549
46,2011,0.6633,0.8278,0.9184,0.9334,0.2563,0.4301,17.8491,2.5472,1.3342,1.2129,0.6179,0.6808,0.6134,0.0699,0.1139,0.7415,1.63,0.4158,0.1214,0.1072,0.1661,0.1072,0.4255,0.0733,0.3146,0.008,0.5414
46,2021,0.7303,0.873,0.9488,0.9482,0.3648,0.3471,18.6796,2.0811,1.0945,0.9865,0.761,0.7902,0.7347,0.1102,0.15,0.6052,1.1961,0.4912,0.2858,0.1031,0.1618,0.0836,0.4034,0.0904,0.3552,0.0108,0.3554
47,2001,0.5825,0.7733,0.8313,0.8862,0.3891,0.4191,18.0023,2.7846,1.4426,1.3421,0.6109,0.7125,0.6056,0.0638,0.1053,0.6023,1.2383,0.3674,0.1193,0.0453,0.0906,0.0391,0.2543,0.0432,0.1987,0.0151,0.3293
47,2011,0.6987,0.8578,0.933,0.9372,0.2616,0.4167,17.9723,2.1351,1.1171,1.018,0.5522,0.6653,0.547,0.1004,0.1836,0.7103,1.7244,0.28,0.1228,0.0993,0.1877,0.0993,0.4064,0.0644,0.3289,0.01,0.4558
47,2021,0.64,0.7969,0.9376,0.9343,0.3533,0.3426,18.8162,2.2324,1.124,1.1084,0.849,0.8707,0.831,0.0617,0.0742,0.5376,1.0556,0.6681,0.2037,0.0616,0.0877,0.0574,0.3161,0.0678,0.1521,0.0097,0.1898
48,2001,0.4065,0.6587,0.7054,0.8137,0.2712,0.5644,16.8159,2.7935,1.4628,1.3307,0.6098,0.8195,0.607,0.075,0.1236,0.4895,0.9028,0.4285,0.1461,0.0666,0.1283,0.0599,0.1606,0.0274,0.1241,0.0115,0.1864
48,2011,0.6287,0.8051,0.8908,0.9097,0.2895,0.4357,17.8446,2.2924,1.1939,1.0986,0.5361,0.7585,0.5321,0.0713,0.134,0.5767,1.0955,0.3542,0.1602,0.1453,0.2443,0.1453,0.2896,0.0403,0.1579,0.0078,0.371
48,2021,0.6798,0.8415,0.9321,0.922,0.2395,0.3651,18.3793,2.2356,1.1477,1.0878,0.7481,0.8097,0.7212,0.071,0.0984,0.5693,1.0513,0.5414,0.2691,0.0666,0.097,0.0603,0.4141,0.0586,0.2679,0.0081,0.2801
49,2001,0.5616,0.7651,0.7609,0.8338,0.424,0.4952,17.4407,2.5578,1.3458,1.212,0.3271,0.7422,0.3199,0.0692,0.2164,0.3843,0.6429,0.181,0.2526,0.0618,0.1106,0.0498,0.1378,0.026,0.1046,0.0116,0.1221
49,2011,0.6108,0.8005,0.8178,0.8584,0.3735,0.4849,17.3724,2.2127,1.153,1.0596,0.3723,0.7293,0.367,0.0608,0.1658,0.4926,0.8476,0.2714,0.2448,0.149,0.2409,0.149,0.2496,0.04,0.1056,0.0094,0.2842
49,2021,0.7359,0.8775,0.9306,0.9244,0.281,0.3856,18.4162,2.2458,1.1633,1.0824,0.7519,0.7885,0.7223,0.0849,0.1175,0.6449,1.2838,0.492,0.2625,0.0912,0.1423,0.0838,0.4793,0.0779,0.3759,0.0111,0.4142
50,2001,0.2921,0.5293,0.5453,0.697,0.3359,0.666,16.0232,2.711,1.443,1.268,0.4987,0.8689,0.4964,0.0821,0.1654,0.3691,0.617,0.3867,0.2102,0.0425,0.0982,0.0375,0.0766,0.021,0.0723,0.009,0.0852
50,2011,0.4533,0.66,0.7033,0.7753,0.3135,0.5517,16.8594,2.4251,1.2611,1.164,0.3433,0.7847,0.34,0.0622,0.1829,0.3975,0.6184,0.3063,0.2779,0.0915,0.1841,0.0915,0.1646,0.032,0.0716,0.0072,0.2298
50,2021,0.7364,0.879,0.9531,0.9453,0.3509,0.3647,18.6297,2.0978,1.0896,1.0082,0.8584,0.8693,0.8401,0.1069,0.1272,0.6355,1.2509,0.6013,0.2642,0.0992,0.1521,0.0872,0.4414,0.096,0.4184,0.0126,0.4013
51,2001,0.4702,0.6727,0.8145,0.8675,0.2457,0.4783,17.6791,2.9491,1.5221,1.4269,0.69,0.7784,0.6857,0.0227,0.0332,0.6135,1.142,0.573,0.0948,0.0429,0.0892,0.0396,0.2696,0.0412,0.1497,0.008,0.4162
51,2011,0.6622,0.8298,0.917,0.9241,0.2873,0.4594,17.6854,2.5291,1.3124,1.2166,0.6772,0.7265,0.6745,0.0473,0.0702,0.7206,1.4833,0.4653,0.0945,0.1079,0.1793,0.1079,0.4252,0.0645,0.2634,0.0056,0.5396
51,2021,0.7291,0.8768,0.9469,0.958,0.3834,0.3432,18.5068,2.1217,1.1219,0.9998,0.7844,0.8171,0.7566,0.0934,0.1235,0.6374,1.2621,0.5218,0.2259,0.138,0.206,0.1227,0.4413,0.0891,0.4046,0.0116,0.4299
52,2001,0.3414,0.6223,0.6781,0.8215,0.2092,0.4781,17.7586,2.9498,1.5417,1.408,0.7289,0.8302,0.7253,0.0226,0.0311,0.5701,0.9199,0.5455,0.1042,0.0442,0.0838,0.0405,0.2854,0.0453,0.1755,0.0096,0.3826
52,2011,0.5918,0.7981,0.8761,0.9144,0.2002,0.5192,17.4402,2.8132,1.451,1.3622,0.7221,0.7258,0.7199,0.0485,0.0673,0.723,1.4983,0.5272,0.0681,0.0954,0.1546,0.0954,0.4719,0.0712,0.3232,0.0046,0.5056
52,2021,0.7681,0.8973,0.9554,0.9517,0.3476,0.3533,18.6701,1.8915,0.9956,0.8959,0.8882,0.8975,0.8696,0.0918,0.1055,0.6272,1.2684,0.6164,0.1543,0.0843,0.151,0.0697,0.4589,0.0808,0.3812,0.0133,0.3567
53,2001,0.2307,0.5317,0.5149,0.6952,0.1122,0.4727,17.7321,3.1092,1.6142,1.4951,0.8121,0.8961,0.8087,0.0192,0.0238,0.4893,0.8392,0.6394,0.0726,0.0263,0.0391,0.0225,0.1602,0.0299,0.1173,0.0129,0.227
53,2011,0.5108,0.7303,0.8315,0.8721,0.1746,0.4796,17.6408,2.6851,1.3705,1.3146,0.6445,0.7346,0.6417,0.0337,0.0525,0.6375,1.2091,0.5177,0.1193,0.047,0.0722,0.047,0.3308,0.0485,0.1625,0.0057,0.3898
53,2021,0.6856,0.8529,0.9239,0.9161,0.3983,0.302,18.5846,2.059,1.0797,0.9793,0.649,0.8152,0.6085,0.1369,0.225,0.5512,1.082,0.3386,0.2843,0.1607,0.2381,0.1228,0.2807,0.0441,0.2073,0.0064,0.2595
54,2001,0.2877,0.5068,0.6579,0.7672,0.2585,0.4236,17.9242,2.828,1.4888,1.3392,0.5957,0.8111,0.5894,0.0156,0.0264,0.4305,0.7702,0.5406,0.1559,0.0161,0.0287,0.012,0.077,0.0143,0.0796,0.0125,0.0754
54,2011,0.5434,0.7227,0.8914,0.9018,0.2768,0.5489,17.3177,2.7598,1.4081,1.3517,0.5303,0.6846,0.5277,0.0285,0.054,0.562,1.0285,0.4471,0.1427,0.0313,0.0585,0.0313,0.2544,0.0304,0.0876,0.0045,0.2355
54,2021,0.716,0.8698,0.903,0.9127,0.451,0.3008,18.6605,2.0832,1.102,0.9812,0.5958,0.7951,0.5435,0.1361,0.2504,0.5198,0.9893,0.2793,0.2575,0.1727,0.2296,0.1324,0.3026,0.0458,0.1735,0.0087,0.231
55,2001,0.3622,0.595,0.7247,0.8008,0.289,0.5292,17.5032,2.6728,1.4129,1.2598,0.7261,0.8693,0.723,0.0189,0.0261,0.4641,0.8729,0.6188,0.0928,0.0331,0.0562,0.0319,0.1047,0.0234,0.0971,0.0142,0.0708
55,2011,0.5593,0.7548,0.8933,0.8942,0.2391,0.5372,17.4024,2.6838,1.4103,1.2736,0.5985,0.7503,0.5961,0.0317,0.0532,0.5467,1.0067,0.5104,0.1139,0.0478,0.0961,0.0478,0.2321,0.0314,0.1,0.0039,0.2294
55,2021,0.6295,0.7899,0.8461,0.8726,0.3598,0.3113,18.416,2.4451,1.2804,1.1647,0.6467,0.8169,0.5947,0.1259,0.2118,0.4812,0.8418,0.3967,0.2809,0.1358,0.2091,0.1022,0.249,0.0446,0.1659,0.0083,0.2531
56,2001,0.4685,0.6951,0.7338,0.8175,0.3736,0.5317,17.3535,2.7271,1.4163,1.3109,0.4558,0.7762,0.4528,0.0546,0.1205,0.3771,0.5747,0.2899,0.2128,0.0514,0.1143,0.0465,0.1463,0.0179,0.1207,0.0092,0.1411
56,2011,0.6296,0.7957,0.9003,0.9013,0.299,0.5123,17.4663,2.3468,1.2023,1.1444,0.4661,0.7423,0.4618,0.0567,0.1228,0.5201,0.8539,0.3534,0.1937,0.1231,0.2302,0.1231,0.2831,0.0296,0.1406,0.0057,0.2809
56,2021,0.7434,0.869,0.9407,0.9326,0.3851,0.3886,18.6691,1.9327,1.0076,0.925,0.6907,0.8098,0.6514,0.1316,0.202,0.5819,1.1523,0.3751,0.23,0.1379,0.2293,0.1205,0.3559,0.038,0.2416,0.009,0.2601
57,2001,0.4922,0.6587,0.6947,0.7546,0.4652,0.5137,17.2389,2.7806,1.4571,1.3235,0.3125,0.7752,0.3077,0.0654,0.2125,0.3413,0.567,0.166,0.2669,0.0503,0.0899,0.0411,0.1056,0.0197,0.1213,0.016,0.0656
57,2011,0.5532,0.708,0.7684,0.7992,0.3696,0.5411,17.096800000000002,2.3024,1.2183,1.0841,0.3392,0.7591,0.3349,0.0586,0.1751,0.43,0.6906,0.2676,0.2675,0.1111,0.196,0.1111,0.223,0.0305,0.10780000000000001,0.0074,0.1674
57,2021,0.6502,0.7814,0.8145,0.8254,0.4261,0.3551,18.6665,2.13,1.1282,1.0019,0.6375,0.8013,0.5884,0.1422,0.2417,0.5398,1.0653,0.3037,0.2597,0.147,0.2071,0.1249,0.3096,0.0395,0.1855,0.0085,0.182
58,2001,0.3541,0.549,0.6025,0.7245,0.2724,0.5678,17.1687,2.9495,1.538,1.4115,0.4484,0.816,0.4449,0.0739,0.1661,0.3796,0.6226,0.3642,0.2253,0.0512,0.1103,0.0474,0.1063,0.0148,0.0888,0.0109,0.0944
58,2011,0.5821,0.7427,0.9169,0.9185,0.2554,0.529,17.3583,2.5232,1.3115,1.2117,0.5266,0.7529,0.5238,0.0647,0.1236,0.5311,0.9456,0.4239,0.1514,0.1085,0.1947,0.1085,0.2494,0.027,0.1107,0.0081,0.2161
58,2021,0.7056,0.8278,0.9291,0.9227,0.3368,0.3436,18.8094,1.947,1.015,0.932,0.7917,0.8714,0.7652,0.1257,0.1643,0.6059,1.2444,0.5036,0.2074,0.1037,0.1862,0.0957,0.3525,0.0458,0.2558,0.0082,0.1933
59,2001,0.5123,0.7405,0.7885,0.8499,0.3685,0.5092,17.4987,2.642,1.3688,1.2732,0.4548,0.7446,0.4487,0.0541,0.1207,0.4374,0.7643,0.2826,0.2044,0.0477,0.0963,0.0436,0.1632,0.0246,0.1245,0.0108,0.1458
59,2011,0.6555,0.8325,0.9022,0.9079,0.2678,0.5311,17.3575,2.5395,1.3218,1.2177,0.5438,0.7142,0.5381,0.049,0.0911,0.5844,1.1185,0.3824,0.1519,0.087,0.153,0.087,0.2992,0.0376,0.1335,0.0069,0.2212
59,2021,0.5658,0.7307,0.863,0.8969,0.4638,0.3312,18.5852,2.5358,1.2846,1.2512,0.6385,0.7297,0.5948,0.0745,0.1252,0.4934,0.9433,0.4283,0.3768,0.0372,0.0476,0.0293,0.1872,0.0372,0.0723,0.0096,0.0423
60,2001,0.3188,0.6428,0.6392,0.7916,0.3107,0.53,17.4028,3.1307,1.615,1.5157,0.7331,0.8258,0.7249,0.0201,0.0277,0.5526,1.1033,0.5833,0.092,0.0217,0.0329,0.0177,0.19,0.0309,0.1079,0.0094,0.1671
60,2011,0.5353,0.7445,0.8914,0.8993,0.2899,0.518,17.3238,2.7589,1.4235,1.3354,0.5913,0.7127,0.5885,0.0437,0.0742,0.6038,1.2615,0.43,0.1174,0.0372,0.0589,0.0372,0.2515,0.0484,0.1213,0.0047,0.1561
60,2021,0.5758,0.7685,0.9176,0.9129,0.5126,0.3377,18.3201,2.7356,1.4151,1.3206,0.8138,0.8256,0.7923,0.0564,0.0712,0.5427,1.1607,0.6075,0.0925,0.035,0.0456,0.0284,0.1608,0.0319,0.0651,0.0052,0.0643
61,2001,0.2912,0.4914,0.6628,0.7658,0.1947,0.4839,17.5984,2.618,1.3647,1.2533,0.7338,0.8534,0.7304,0.0145,0.0198,0.4575,0.8847,0.7223,0.0863,0.0487,0.0368,0.0228,0.0547,0.0114,0.0862,0.0152,0.0184
61,2011,0.4971,0.6766,0.8719,0.8872,0.3038,0.5745,17.0974,3.1745,1.6705,1.504,0.5434,0.7167,0.5404,0.0249,0.0461,0.4811,0.8995,0.4849,0.1351,0.0184,0.0276,0.0184,0.1269,0.0222,0.0601,0.01,0.0941
61,2021,0.539,0.7446,0.9027,0.8891,0.5166,0.3319,18.3451,2.7675,1.4163,1.3512,0.8563,0.8363,0.8271,0.0475,0.0574,0.5341,1.2413,0.637,0.229,0.0263,0.0342,0.0211,0.1747,0.0342,0.1481,0.0084,0.0509
62,2001,0.1965,0.4908,0.5106,0.7001,0.3333,0.4326,17.9289,3.247,1.6531,1.5938,0.8326,0.8948,0.8317,0.0278,0.0334,0.5154,1.069,0.7053,0.0656,0.0412,0.0553,0.0338,0.1323,0.0274,0.1285,0.0182,0.0258
62,2011,0.4064,0.6884,0.7494,0.8407,0.3538,0.4825,17.6098,2.9967,1.5257,1.471,0.8361,0.813,0.8356,0.0377,0.0452,0.5779,1.3268,0.6507,0.0303,0.0312,0.0398,0.0312,0.1262,0.0275,0.0846,0.0129,0.0413
62,2021,0.6107,0.7784,0.9208,0.9283,0.4726,0.3326,19.1795,2.3824,1.247,1.1354,0.783,0.7957,0.7587,0.0569,0.075,0.5571,1.2112,0.5709,0.1573,0.0519,0.0826,0.0449,0.2286,0.044,0.0876,0.0043,0.0662
63,2001,0.1682,0.4717,0.4506,0.6692,0.3217,0.5932,16.7458,2.713,1.4118,1.3012,0.9158,0.8875,0.9144,0.0209,0.0229,0.5243,1.1666,0.755,0.017,0.0212,0.0236,0.0163,0.0814,0.0088,0.1,0.0191,0.0394
63,2011,0.4124,0.696,0.8363,0.905,0.3684,0.5947,16.9302,2.8716,1.5086,1.3631,0.8013,0.7511,0.801,0.0339,0.0423,0.6059,1.4906,0.6164,0.0365,0.0286,0.0566,0.0286,0.1362,0.0278,0.0646,0.0095,0.0467
63,2021,0.6507,0.791,0.9481,0.9408,0.5392,0.2686,18.7034,2.8255,1.4931,1.3324,0.8089,0.8331,0.7815,0.0527,0.0674,0.5383,1.0892,0.6172,0.2003,0.0242,0.0393,0.0188,0.2109,0.0466,0.0977,0.0079,0.1048
64,2001,0.1663,0.5328,0.4286,0.6443,0.3254,0.4333,17.8333,4.5162,2.3177,2.1986,0.5145,0.7982,0.5116,0.032,0.0625,0.4223,0.7267,0.4971,0.1793,0.0099,0.0079,0.0044,0.08,0.0089,0.1186,0.0153,0.0563
64,2011,0.4643,0.6957,0.8792,0.9015,0.3134,0.4353,17.5446,3.2214,1.6672,1.5542,0.6758,0.6986,0.6738,0.0317,0.047,0.5544,1.233,0.5453,0.0705,0.0122,0.0204,0.0122,0.1059,0.0209,0.0665,0.0103,0.0624
64,2021,0.6858,0.8327,0.9436,0.9386,0.4221,0.3581,18.4847,2.5016,1.3009,1.2007,0.7913,0.8205,0.7624,0.0628,0.0824,0.5664,1.1147,0.5811,0.2097,0.0531,0.0782,0.0449,0.3684,0.0658,0.1965,0.0057,0.225
65,2001,0.092,0.4505,0.3015,0.6461,0.3515,0.5633,17.1267,3.2436,1.66,1.5836,0.9264,0.913,0.9255,0.0161,0.0174,0.5356,1.2021,0.7791,0.0288,0.0342,0.0436,0.0301,0.0683,0.014,0.0881,0.0151,0.0491
65,2011,0.3729,0.6668,0.8038,0.8829,0.396,0.4834,17.5096,2.9514,1.5272,1.4242,0.8488,0.7619,0.8483,0.0191,0.0225,0.5876,1.4509,0.6761,0.0169,0.0257,0.0344,0.0257,0.0771,0.0282,0.0505,0.0082,0.0451
65,2021,0.7002,0.8154,0.9458,0.9381,0.4592,0.4139,18.1021,2.872,1.4753,1.3966,0.8727,0.8927,0.8547,0.0515,0.0603,0.537,1.1303,0.6869,0.1245,0.0402,0.0554,0.0363,0.2777,0.0415,0.1116,0.0084,0.1011
66,2001,0.1156,0.4085,0.3818,0.6789,0.3405,0.4681,17.5872,3.0097,1.5795,1.4302,0.9189,0.8811,0.9167,0.0134,0.0146,0.5253,1.1834,0.8033,0.0211,0.0125,0.0181,0.0096,0.059,0.0163,0.0813,0.0146,0.0184
66,2011,0.3333,0.6345,0.7894,0.8976,0.42,0.5314,17.3525,3.0849,1.5991,1.4858,0.8569,0.7662,0.8567,0.0279,0.0326,0.5936,1.4927,0.662,0.0149,0.0159,0.0267,0.0159,0.0973,0.0187,0.065,0.0105,0.0461
66,2021,0.6938,0.8199,0.9548,0.9526,0.4722,0.4247,18.0895,2.3734,1.2099,1.1635,0.8854,0.9132,0.854,0.0659,0.0772,0.5812,1.1992,0.6183,0.2097,0.0815,0.129,0.0711,0.3255,0.0438,0.1801,0.0076,0.182
67,2001,0.1714,0.505,0.5103,0.7406,0.2675,0.5427,17.3272,3.2086,1.6625,1.5461,0.9302,0.8805,0.929,0.0115,0.0124,0.5491,1.1263,0.7864,0.0161,0.0138,0.0181,0.0111,0.1612,0.0268,0.1106,0.019,0.1839
67,2011,0.4405,0.7074,0.8754,0.9182,0.3028,0.5233,17.3159,3.3057,1.7266,1.5791,0.7498,0.7359,0.7465,0.0237,0.0318,0.5978,1.3291,0.6078,0.0432,0.0157,0.0231,0.0157,0.2102,0.0471,0.1177,0.014,0.1774
67,2021,0.697,0.8502,0.953,0.9353,0.3438,0.4296,17.9132,2.3068,1.1921,1.1147,0.8368,0.8629,0.8127,0.0605,0.0744,0.5734,1.1561,0.6337,0.2062,0.0703,0.1411,0.0611,0.3438,0.0445,0.216,0.0077,0.2388
68,2001,0.1526,0.571,0.428,0.7604,0.2056,0.6329,16.719,2.9709,1.5336,1.4373,0.831,0.8516,0.8299,0.0166,0.0201,0.5175,0.9178,0.5745,0.0745,0.0132,0.0166,0.0097,0.1502,0.0272,0.1365,0.0116,0.2542
68,2011,0.4069,0.7514,0.7991,0.8814,0.2872,0.558,17.0753,3.0095,1.5942,1.4153,0.687,0.6913,0.6843,0.0289,0.0422,0.6357,1.4325,0.5225,0.1016,0.0162,0.025,0.0162,0.25,0.0556,0.1188,0.0062,0.3034
68,2021,0.751,0.882,0.9585,0.9485,0.3548,0.4008,18.3437,2.1844,1.1376,1.0468,0.7665,0.8265,0.7305,0.09,0.1232,0.5864,1.1532,0.5016,0.1768,0.0901,0.1532,0.0794,0.3887,0.0445,0.2757,0.0099,0.2401
69,2001,0.1611,0.5386,0.4977,0.7568,0.1977,0.4853,17.6007,3.097,1.614,1.4829,0.8842,0.8384,0.8824,0.01,0.0114,0.5768,1.0948,0.7474,0.0389,0.0143,0.0135,0.0088,0.2378,0.0399,0.1589,0.0098,0.3193
69,2011,0.435,0.7268,0.8243,0.8849,0.294,0.4304,17.727,3.0319,1.5545,1.4774,0.702,0.7046,0.7,0.0243,0.0347,0.6368,1.3297,0.5672,0.0839,0.0128,0.0217,0.0128,0.2948,0.068,0.1528,0.0055,0.3572
69,2021,0.6238,0.7953,0.9244,0.9382,0.4467,0.2579,18.9793,2.6391,1.3758,1.2633,0.7967,0.8138,0.7751,0.0479,0.0618,0.5639,1.149,0.6113,0.2274,0.0269,0.0384,0.0231,0.2398,0.0549,0.1674,0.0085,0.2136
70,2001,0.2524,0.6018,0.6155,0.7922,0.2929,0.4706,17.5986,2.4049,1.2658,1.1391,0.7471,0.8397,0.744,0.0293,0.0394,0.5728,1.366,0.5124,0.0911,0.0119,0.0138,0.0082,0.1692,0.0344,0.1637,0.017,0.31
70,2011,0.4297,0.7561,0.8171,0.8959,0.2727,0.4644,17.53,2.8046,1.4452,1.3593,0.6834,0.7333,0.6811,0.059,0.0866,0.7111,1.7698,0.4434,0.0894,0.0168,0.0302,0.0168,0.3589,0.0689,0.2083,0.0067,0.3838
70,2021,0.5962,0.8326,0.925,0.9441,0.4534,0.359,18.1815,2.7055,1.4241,1.2814,0.8166,0.8268,0.7913,0.0544,0.0688,0.6042,1.2339,0.6031,0.2373,0.0345,0.0566,0.0299,0.3076,0.0765,0.2181,0.0073,0.3304
71,2001,0.4084,0.637,0.6821,0.7846,0.3632,0.5173,17.3773,2.9575,1.5506,1.4069,0.5078,0.7339,0.5033,0.0697,0.1385,0.4713,0.9158,0.3706,0.1773,0.0376,0.0594,0.0291,0.1036,0.0128,0.1388,0.0146,0.1208
71,2011,0.5747,0.7716,0.8921,0.8987,0.3068,0.4804,17.5901,2.5484,1.3354,1.213,0.4474,0.7028,0.4425,0.0659,0.1489,0.5306,0.9693,0.3362,0.194,0.0731,0.1304,0.0731,0.2466,0.0325,0.1199,0.0056,0.2427
71,2021,0.6804,0.8708,0.9568,0.9516,0.4343,0.3351,18.2017,2.295,1.1964,1.0987,0.7521,0.7904,0.7049,0.0793,0.1124,0.5727,1.1821,0.5115,0.29,0.0319,0.0443,0.0283,0.2268,0.0476,0.1861,0.0078,0.1806
72,2001,0.467,0.722,0.7639,0.837,0.331,0.4869,17.5427,3.0184,1.5718,1.4466,0.5389,0.7277,0.5356,0.0386,0.0721,0.4975,1.0082,0.4205,0.1401,0.0337,0.0756,0.0312,0.099,0.0137,0.1145,0.0114,0.0956
72,2011,0.613,0.8218,0.9087,0.9188,0.3051,0.4445,17.7185,2.5717,1.3545,1.2172,0.5005,0.6933,0.4959,0.0426,0.0859,0.5744,1.0961,0.409,0.1623,0.0996,0.1502,0.0996,0.2625,0.0355,0.1101,0.006,0.2904
72,2021,0.6727,0.88,0.9487,0.9554,0.3755,0.2753,18.67,2.4868,1.3046,1.1822,0.8201,0.8491,0.7876,0.0558,0.0709,0.6108,1.2934,0.5929,0.2644,0.0254,0.0403,0.0229,0.2775,0.0554,0.2122,0.0046,0.2698
73,2001,0.3291,0.7244,0.7296,0.8657,0.3505,0.5448,17.3136,2.8926,1.5025,1.3902,0.8073,0.7656,0.8058,0.026,0.0322,0.6509,1.6624,0.5891,0.0449,0.0093,0.015,0.0077,0.1586,0.0334,0.1168,0.0099,0.2089
73,2011,0.5359,0.8158,0.9089,0.9196,0.2687,0.4716,17.5131,2.6302,1.3627,1.2676,0.6762,0.7134,0.6727,0.057,0.0847,0.7,1.8306,0.4283,0.0712,0.0204,0.036,0.0204,0.2893,0.052,0.1669,0.0073,0.2928
73,2021,0.6786,0.8919,0.9426,0.9556,0.3408,0.3053,18.6041,2.4066,1.2722,1.1344,0.802,0.8107,0.7678,0.0618,0.0805,0.62,1.3163,0.5659,0.2232,0.0474,0.0704,0.0424,0.336,0.069,0.2824,0.0059,0.2909
74,2001,0.3274,0.7132,0.6984,0.8663,0.2195,0.4542,17.6642,2.8029,1.463,1.3398,0.7916,0.7722,0.7906,0.0164,0.0207,0.6264,1.4299,0.5992,0.061,0.0138,0.0134,0.0081,0.1347,0.0279,0.1544,0.0145,0.1842
74,2011,0.4985,0.8098,0.8901,0.9235,0.2358,0.4666,17.4948,2.6666,1.3837,1.2829,0.6902,0.672,0.6879,0.0356,0.0518,0.7093,1.8646,0.4589,0.0662,0.012,0.0193,0.012,0.2097,0.0435,0.1383,0.006,0.269
74,2021,0.606,0.8253,0.9173,0.9266,0.3713,0.2809,18.5711,2.6615,1.3849,1.2766,0.8185,0.8033,0.7952,0.055,0.0691,0.634,1.2554,0.6171,0.2256,0.0298,0.0475,0.0263,0.4439,0.0765,0.3852,0.0059,0.3868
75,2001,0.3228,0.6724,0.6934,0.8517,0.226,0.5514,17.0202,2.957,1.5233,1.4338,0.8224,0.8227,0.8212,0.0124,0.0151,0.5716,1.1816,0.6707,0.0507,0.0128,0.0161,0.009,0.1001,0.0188,0.1064,0.0099,0.1317
75,2011,0.5359,0.8104,0.9034,0.9215,0.3134,0.5377,17.2165,2.7049,1.389,1.3159,0.6146,0.6875,0.6127,0.0394,0.0642,0.6295,1.3885,0.4252,0.1223,0.016,0.0263,0.016,0.1849,0.0359,0.106,0.0051,0.1905
75,2021,0.6433,0.8285,0.9323,0.9389,0.3764,0.2972,18.5717,2.8244,1.4514,1.373,0.9011,0.8897,0.8892,0.0494,0.0555,0.6105,1.205,0.7221,0.1438,0.0308,0.0563,0.0261,0.4071,0.0844,0.2865,0.0077,0.3909
76,2021,0.7009,0.8432,0.9389,0.9303,0.4046,0.3024,18.7505,2.0689,1.0897,0.9792,0.7275,0.8144,0.6884,0.135,0.1961,0.5886,1.2062,0.4052,0.2396,0.0908,0.1499,0.0819,0.3527,0.0479,0.2699,0.0081,0.2739
77,2021,0.7174,0.8779,0.9497,0.9367,0.3834,0.2635,18.8083,2.0981,1.1246,0.9736,0.8385,0.872,0.8137,0.0964,0.1185,0.6314,1.3835,0.5585,0.1843,0.1041,0.1621,0.0973,0.3351,0.0482,0.3178,0.0095,0.327
