dataset,outcome,sample,threshold,beta,stars,mean_y,beta_pp,pct_of_mean,se,pval,n,n_muni,sd_y
nec_cs,formality_index,full,0,-0.00037955978519314,"",0.629904179737776,-0.037955978519314,-0.0602567497410713,0.00482178562933169,0.937466828474562,714,714,0.0891411507236176
nec_cs,formality_index,full,25,-0.00996677366221406,*,0.637840915761833,-0.996677366221406,-1.56257985587359,0.00573502497760645,0.08763256305204,469,475,0.08178763931886
nec_cs,formality_index,full,50,-0.0098770332154198,**,0.639558524518048,-0.98770332154198,-1.5443517421432,0.00475479876859528,0.0423744067306125,399,401,0.0797106703513384
nec_cs,formality_index,full,100,-0.00407681884646328,"",0.642664378392245,-0.407681884646328,-0.634362037719014,0.00447317695105388,0.366739704752657,305,313,0.0811648156339859
nec_cs,formality_index,rural,0,0.0000158123964245037,"",0.603020386762316,0.00158123964245037,0.00262219931060743,0.00764705821539434,0.998355954284557,425,427,0.085535990063367
nec_cs,formality_index,rural,25,-0.0214069113465605,*,0.608249512601908,-2.14069113465605,-3.51942926431429,0.0108346109742583,0.0543296184050979,252,259,0.0786002888277439
nec_cs,formality_index,rural,50,-0.0173645990570306,*,0.608489497921046,-1.73645990570306,-2.85372206362775,0.00926011671976557,0.0678991939736018,206,211,0.0742742751241199
nec_cs,formality_index,rural,100,0.00318917654674837,"",0.610359049900902,0.318917654674837,0.522508275623367,0.00833498495604787,0.704379163826913,147,152,0.0780769471613889
nec_cs,formality_index,urban,0,-0.00685091358201853,"",0.669902018067118,-0.685091358201853,-1.02267397279764,0.0052940259357867,0.200595471713018,277,287,0.0789142402177316
nec_cs,formality_index,urban,25,-0.00207986120359687,"",0.673323200106373,-0.207986120359687,-0.308894926428837,0.00597876811736115,0.729487642779776,204,216,0.0708101912880844
nec_cs,formality_index,urban,50,0.00167895155109181,"",0.674061496159983,0.167895155109181,0.249079877823688,0.00556648541772504,0.764467962924797,176,190,0.0710151130594469
nec_cs,formality_index,urban,100,0.00584766355446672,"",0.673163818955501,0.584766355446672,0.868683578915474,0.00619347906856085,0.351947418453843,142,161,0.0718712517974001
nec_cs,log_cap_total,full,0,-0.251311559797036,**,21.0872875625999,-25.1311559797036,-1.19176806903681,0.101057178963571,0.0151124539742119,714,714,1.87299380321112
nec_cs,log_cap_total,full,25,-0.28934558066054,*,21.473321415029,-28.934558066054,-1.34746542031467,0.151931107372813,0.0619022611160086,469,475,1.93043472950286
nec_cs,log_cap_total,full,50,-0.238472450059333,"",21.5556252064502,-23.8472450059333,-1.10631191522096,0.175701162735648,0.180143289608352,399,401,1.9895667889614
nec_cs,log_cap_total,full,100,-0.0920111792374908,"",21.6018485069556,-9.20111792374908,-0.42594123001957,0.186024883079512,0.62317430306924,305,313,2.01205469565624
nec_cs,log_cap_total,rural,0,-0.13266920365467,*,20.4284743648855,-13.266920365467,-0.649432753934455,0.0732358869661088,0.0742877681836626,425,427,1.40143806705899
nec_cs,log_cap_total,rural,25,-0.0938380327416091,"",20.6210691082522,-9.38380327416091,-0.45505900906009,0.128885358291396,0.4703402639929,252,259,1.30048963830229
nec_cs,log_cap_total,rural,50,-0.193866233964355,"",20.6584252130807,-19.3866233964355,-0.9384366521878,0.122829386676305,0.122173387855531,206,211,1.35250259206958
nec_cs,log_cap_total,rural,100,-0.0688100598335469,"",20.5943911826904,-6.88100598335469,-0.334120388522977,0.103753358144905,0.511669132329673,147,152,1.30589629216026
nec_cs,log_cap_total,urban,0,-0.322115036349194,*,22.0674730518823,-32.2115036349194,-1.45968247289518,0.168299155328313,0.0604007094301812,277,287,2.05137783746982
nec_cs,log_cap_total,urban,25,-0.494020374597448,**,22.4952350606548,-49.4020374597448,-2.19611119094956,0.229741198250013,0.0367043011254262,204,216,2.06449346507874
nec_cs,log_cap_total,urban,50,-0.472404761939558,*,22.5519894096132,-47.2404761939558,-2.09473653680498,0.242958707890983,0.0587318579080452,176,190,2.10910848743382
nec_cs,log_cap_total,urban,100,-0.17040466444916,"",22.5529883410444,-17.040466444916,-0.755574657656513,0.299683905888392,0.573467262386371,142,161,2.10007827337854
nec_cs,log_emp_total,full,0,-0.130366356708506,*,7.66338720887844,-13.0366356708506,-1.70115841931449,0.0694938728280034,0.0645547073802665,714,714,0.987275437053452
nec_cs,log_emp_total,full,25,-0.141540266659441,"",7.91875233568091,-14.1540266659441,-1.78740615515501,0.0891056149239398,0.117715584800689,469,475,1.02206066431843
nec_cs,log_emp_total,full,50,-0.131932461895996,"",7.96444073649083,-13.1932461895996,-1.65651884747561,0.0862373344924204,0.13167699258437,399,401,1.04597720295722
nec_cs,log_emp_total,full,100,-0.0999425978725071,"",8.00656631685347,-9.99425978725071,-1.24825791628219,0.0859755703301772,0.250920057014167,305,313,1.10740814933891
nec_cs,log_emp_total,rural,0,-0.0432872171070066,"",7.17938418973765,-4.32872171070066,-0.602937744561465,0.0474764966503316,0.364979953142768,425,427,0.649259788635695
nec_cs,log_emp_total,rural,25,-0.0402384102465031,"",7.32368245881855,-4.02384102465031,-0.549428657956783,0.0579446474248497,0.490983443729685,252,259,0.629161436550105
nec_cs,log_emp_total,rural,50,-0.0466984713478839,"",7.33462085101166,-4.66984713478839,-0.636685553302225,0.0572005781915445,0.418990491009416,206,211,0.614063546737296
nec_cs,log_emp_total,rural,100,-0.00778980503658127,"",7.26194725289996,-0.778980503658127,-0.10726881875203,0.0406706658891309,0.849246717959058,147,152,0.567930296887404
nec_cs,log_emp_total,urban,0,-0.184327723785356,**,8.38348926174644,-18.4327723785356,-2.19869934856882,0.0849331180248091,0.0339554682009709,277,287,0.965385850971395
nec_cs,log_emp_total,urban,25,-0.292614693291201,***,8.63228519728901,-29.2614693291201,-3.38977091932849,0.0853165911608452,0.00126748048769123,204,216,0.943350050376084
nec_cs,log_emp_total,urban,50,-0.174375241419207,**,8.66387229352295,-17.4375241419207,-2.01267095718353,0.0785772332322112,0.0320689614171306,176,190,0.980753673582756
nec_cs,log_emp_total,urban,100,-0.118302714244607,"",8.70956071263567,-11.8302714244607,-1.35830862368266,0.0982139820926631,0.236948911020693,142,161,1.03100036455762
nec_cs,log_n_firms,full,0,-0.0841442566640159,"",6.59868754529771,-8.41442566640159,-1.27516655526413,0.0596079696691432,0.162194975511842,714,714,0.885891705163643
nec_cs,log_n_firms,full,25,-0.129159339252362,*,6.8165054606492,-12.9159339252362,-1.89480284286401,0.0742076617537532,0.0871654053837809,469,475,0.923049465973341
nec_cs,log_n_firms,full,50,-0.133692139106299,*,6.87073482890883,-13.3692139106299,-1.94582009690995,0.0710224807341812,0.0649822457894296,399,401,0.940699511862647
nec_cs,log_n_firms,full,100,-0.0917519146498612,"",6.93322155125042,-9.17519146498612,-1.32336625869562,0.0698007172358991,0.195062172193321,305,313,0.992257812338059
nec_cs,log_n_firms,rural,0,-0.00642853654293349,"",6.14056912597355,-0.642853654293349,-0.104689588392416,0.0331815877307681,0.846934195656209,425,427,0.569701843640389
nec_cs,log_n_firms,rural,25,-0.0248697489033017,"",6.24775037302873,-2.48697489033017,-0.398059260028431,0.0562302100806595,0.6604018825796,252,259,0.552271611971914
nec_cs,log_n_firms,rural,50,-0.0693873380814779,*,6.27141559994596,-6.93873380814779,-1.10640631250902,0.0369500004018513,0.0675242158025006,206,211,0.533895268768258
nec_cs,log_n_firms,rural,100,-0.0155520361250545,"",6.24370961276289,-1.55520361250545,-0.249083270837328,0.0252752525822201,0.542449024467144,147,152,0.530252163849374
nec_cs,log_n_firms,urban,0,-0.129152968513359,*,7.28027836429218,-12.9152968513359,-1.77401140520697,0.0722305941295007,0.0788151875706535,277,287,0.832799401618322
nec_cs,log_n_firms,urban,25,-0.25552535356212,***,7.49848494071264,-25.552535356212,-3.40769309510456,0.0862120706084721,0.00475685140057515,204,216,0.809604980548653
nec_cs,log_n_firms,urban,50,-0.160739479933401,**,7.53629460423076,-16.0739479933401,-2.13287150217249,0.0755537012197596,0.0394409490129223,176,190,0.842504970369719
nec_cs,log_n_firms,urban,100,-0.0825036884377205,"",7.58418934410821,-8.25036884377205,-1.08783793091629,0.0795221683967409,0.307048943908773,142,161,0.881196755216365
nec_cs,log_rev_total,full,0,-0.152504931331305,"",20.8847006805088,-15.2504931331305,-0.730223208195814,0.118487487689714,0.202018513243976,714,714,1.64033566964371
nec_cs,log_rev_total,full,25,-0.195961288719558,"",21.2510410088225,-19.5961288719558,-0.922125596756432,0.13683991699907,0.157591332537612,469,475,1.68678805152463
nec_cs,log_rev_total,full,50,-0.120293726349087,"",21.3356707574882,-12.0293726349087,-0.563815066872774,0.134154074241442,0.373726577381462,399,401,1.72297248123115
nec_cs,log_rev_total,full,100,-0.0539042417297494,"",21.423459615841,-5.39042417297494,-0.251613150706487,0.144468927679976,0.710736745422058,305,313,1.76866682788641
nec_cs,log_rev_total,rural,0,-0.048066345528749,"",20.1207869802697,-4.8066345528749,-0.238888993635699,0.0906439614281509,0.597574969088795,425,427,1.14176514299519
nec_cs,log_rev_total,rural,25,0.0107329177463904,"",20.3032706794029,1.07329177463904,0.0528629988530797,0.104915510848989,0.918972605299008,252,259,1.13572523722647
nec_cs,log_rev_total,rural,50,0.16410271614576,"",20.3332514221324,16.410271614576,0.807065789621509,0.104949721573369,0.125590714950544,206,211,1.12980424035269
nec_cs,log_rev_total,rural,100,0.0450811773316808,"",20.2686304027418,4.50811773316808,0.222418468519622,0.0672322656415924,0.507050156067121,147,152,1.01579011338301
nec_cs,log_rev_total,urban,0,-0.217617581765166,*,22.0212552101329,-21.7617581765166,-0.98821606529055,0.129857022367417,0.0989767085562016,277,287,1.61202712799859
nec_cs,log_rev_total,urban,25,-0.339459798425186,*,22.3874878390061,-33.9459798425186,-1.51629249724813,0.185879477042025,0.0741705176185062,204,216,1.5314462026691
nec_cs,log_rev_total,urban,50,-0.205520175820378,"",22.4488838088571,-20.5520175820378,-0.915502871190822,0.177226760550225,0.252902178351992,176,190,1.5801666692631
nec_cs,log_rev_total,urban,100,-0.0508841486216788,"",22.5137331586427,-5.08841486216788,-0.226013821266888,0.219501066301914,0.81811143965217,142,161,1.63189818930028
nec_cs,log_value_added_total,full,0,-0.0876787799106552,"",17.2766504542778,-8.76787799106552,-0.507498719978707,0.423729646122467,0.836631913081284,714,714,6.29272198072288
nec_cs,log_value_added_total,full,25,-0.220915669432013,"",17.7636324671963,-22.0915669432013,-1.24364017235761,0.510302584945623,0.666713050705953,469,475,6.25052132866117
nec_cs,log_value_added_total,full,50,-0.295210897279871,"",17.7455236039287,-29.5210897279871,-1.66357952500491,0.555895989252609,0.597481285432733,399,401,6.37785245258007
nec_cs,log_value_added_total,full,100,-0.337496776103198,"",17.770620899893,-33.7496776103198,-1.8991839283749,0.710485098907689,0.636970644771171,305,313,6.50746464037325
nec_cs,log_value_added_total,rural,0,1.10433983406661,"",16.514747959006,110.433983406661,6.6869917531159,0.709272075822325,0.123916007995992,425,427,5.99322779949787
nec_cs,log_value_added_total,rural,25,1.00646602628516,"",16.8852187601225,100.646602628516,5.96063362034794,0.666380991646888,0.137945718275764,252,259,5.82444324969577
nec_cs,log_value_added_total,rural,50,0.962532846131233,"",16.7930146933771,96.2532846131234,5.73174539358227,0.614485057741993,0.124940278259917,206,211,5.92250527948806
nec_cs,log_value_added_total,rural,100,-0.250883767934128,"",16.4975369674334,-25.0883767934128,-1.52073469166567,0.815399819766743,0.760201343674793,147,152,6.19557847901503
nec_cs,log_value_added_total,urban,0,-0.814806329148165,"",18.4102127033407,-81.4806329148165,-4.42583875742138,0.681953099411479,0.236861828458986,277,287,6.56212043063855
nec_cs,log_value_added_total,urban,25,-1.30170994422584,"",18.8169155696599,-130.170994422584,-6.91776470701021,0.804477225969702,0.112337392088658,204,216,6.58638744053112
nec_cs,log_value_added_total,urban,50,-0.497880088143246,"",18.8033098151203,-49.7880088143246,-2.64783217975213,0.947815544731377,0.60220949610594,176,190,6.70654677002597
nec_cs,log_value_added_total,urban,100,-0.164976956065495,"",18.9725386497928,-16.4976956065495,-0.869556568631881,1.02908058343146,0.873610347522785,142,161,6.58463902255829
nec_cs,mean_emp_per_firm,full,0,-0.180227881422684,**,3.06449775328025,-18.0227881422684,-5.88115560632302,0.0729855712582763,0.015810400316053,714,714,1.26238187361952
nec_cs,mean_emp_per_firm,full,25,-0.0138193470183121,"",3.18447907286332,-1.38193470183121,-0.433959423256202,0.108967169529172,0.899528240462644,469,475,1.30935693273456
nec_cs,mean_emp_per_firm,full,50,0.0319445137260472,"",3.14333684187444,3.19445137260472,1.0162612323469,0.0867422781724663,0.714060958728252,399,401,1.21060150539441
nec_cs,mean_emp_per_firm,full,100,0.0298637707532897,"",3.05165632600572,2.98637707532897,0.978608583764677,0.0907892115963185,0.743665901698998,305,313,1.0298497007702
nec_cs,mean_emp_per_firm,rural,0,-0.188293225304266,"",3.02187633817244,-18.8293225304266,-6.23100366238487,0.11381000598053,0.102450236153302,425,427,1.44511589889676
nec_cs,mean_emp_per_firm,rural,25,-0.00277408084829277,"",3.14862377217099,-0.277408084829277,-0.088104551353877,0.174946327931079,0.987418767387905,252,259,1.54089938527856
nec_cs,mean_emp_per_firm,rural,50,0.159904328119843,"",3.09940621319404,15.9904328119843,5.1591923459125,0.143623697271486,0.272040399307424,206,211,1.44828679568312
nec_cs,mean_emp_per_firm,rural,100,0.105364103415862,"",2.90486955258903,10.5364103415862,3.62715438708611,0.111928222337654,0.3531641074736,147,152,1.13132130798229
nec_cs,mean_emp_per_firm,urban,0,-0.172575424855751,**,3.12791010258699,-17.2575424855751,-5.51727572710671,0.0721451159400148,0.0199039792812,277,287,0.924929428138195
nec_cs,mean_emp_per_firm,urban,25,-0.102231774614742,"",3.22747223434162,-10.2231774614742,-3.16754931388577,0.100330341651406,0.313442488975744,204,216,0.962827858699526
nec_cs,mean_emp_per_firm,urban,50,-0.0505910739391807,"",3.19212296109319,-5.05910739391807,-1.58487234219371,0.0919058544236943,0.584986521458585,176,190,0.875536726842961
nec_cs,mean_emp_per_firm,urban,100,-0.108717341566567,"",3.19023762761651,-10.8717341566567,-3.40781328091199,0.132523279767463,0.417895160310183,142,161,0.905794258432891
nec_cs,share_registered,full,0,0.00635825939190352,"",0.46305497272887,0.635825939190352,1.37311113504151,0.00973025762459315,0.515463113167706,714,714,0.143364859327703
nec_cs,share_registered,full,25,0.00717719348442176,"",0.485554741628495,0.717719348442176,1.47814301233066,0.00774634602633048,0.358079044979695,469,475,0.132074516918932
nec_cs,share_registered,full,50,0.00741686893673438,"",0.492433610985031,0.741686893673438,1.50616626714374,0.0078178665837405,0.346845688897505,399,401,0.127677543252542
nec_cs,share_registered,full,100,0.00104243952800502,"",0.499300767363738,0.104243952800502,0.208779877008602,0.009879418421108,0.916415200959834,305,313,0.129514861531072
nec_cs,share_registered,rural,0,0.0103967285513959,"",0.443778841615323,1.03967285513959,2.34277247503568,0.0108116407182646,0.339502344628417,425,427,0.142135481241642
nec_cs,share_registered,rural,25,0.010142701840186,"",0.468555373343907,1.0142701840186,2.16467517335278,0.0133894170222689,0.452689212666611,252,259,0.132731390125882
nec_cs,share_registered,rural,50,0.00781054084571261,"",0.47555777118629,0.781054084571261,1.64239579688269,0.0112238580320678,0.490425471271516,206,211,0.127397617815758
nec_cs,share_registered,rural,100,0.0159122390077515,"",0.481084101513819,1.59122390077515,3.30757947678603,0.0118461558880844,0.18809187974868,147,152,0.132214811805334
nec_cs,share_registered,urban,0,-0.00514601770525661,"",0.491734094629513,-0.514601770525661,-1.04650414959202,0.0110419695524939,0.642873199892664,277,287,0.140598808594793
nec_cs,share_registered,urban,25,0.00964624170270337,"",0.505938243414181,0.964624170270337,1.90660457640214,0.0121975746229526,0.433014212638308,204,216,0.128648905020659
nec_cs,share_registered,urban,50,0.0155119639953477,*,0.511174675182581,1.55119639953477,3.03457208434811,0.00909434474999765,0.0956354292726039,176,190,0.12568258362221
nec_cs,share_registered,urban,100,0.00566962488618544,"",0.516499110277946,0.566962488618544,1.097702740114,0.0132224270094122,0.670863327003508,142,161,0.124896531679061
nec_panel,log_new_firms,full,0,-0.0242759299791564,"",3.13147538115369,-2.42759299791564,-0.775223401890923,0.0158158852936558,0.125250011165904,12852,714,1.31111486938683
nec_panel,log_new_firms,full,25,-0.00720499649679807,"",3.35121840141153,-0.720499649679807,-0.21499632771661,0.0158552085242219,0.64973128730943,8550,475,1.32719732323975
nec_panel,log_new_firms,full,50,-0.0221009253781561,"",3.4044596837168,-2.21009253781561,-0.649175711607416,0.0191557705310258,0.249292537464489,7218,401,1.33726681440298
nec_panel,log_new_firms,full,100,-0.0285772409421165,"",3.46862350525881,-2.85772409421165,-0.823878431856045,0.020826512610996,0.171000344801072,5634,313,1.37175509062084
nec_panel,log_new_firms,rural,0,0.0016288994675063,"",2.68174167359104,0.16288994675063,0.0607403570428577,0.0211100150898988,0.938530578471896,7686,427,1.10989369236886
nec_panel,log_new_firms,rural,25,0.0308292191829515,"",2.79229182837588,3.08292191829515,1.10408299267498,0.0224166968324878,0.170237841189137,4662,259,1.08891745274707
nec_panel,log_new_firms,rural,50,0.00239930615396292,"",2.81879090099107,0.239930615396292,0.0851182736938501,0.0261083767520078,0.926866728616903,3798,211,1.07437392972336
nec_panel,log_new_firms,rural,100,0.0344267358749543,"",2.79113038952264,3.44267358749543,1.23343345062579,0.0319646435534155,0.283186549666636,2736,152,1.06974961131042
nec_panel,log_new_firms,urban,0,-0.025313210425356,"",3.80059138508836,-2.5313210425356,-0.666033463230817,0.0201332639943147,0.209676905015145,5166,287,1.30207994130157
nec_panel,log_new_firms,urban,25,-0.0434472434548606,*,4.02141276444963,-4.34472434548606,-1.08039751201234,0.0224494759137518,0.0542608894770203,3888,216,1.27604635138032
nec_panel,log_new_firms,urban,50,-0.0527820530140572,*,4.05486027927011,-5.27820530140572,-1.30169844036052,0.0279592290573356,0.0605821829524717,3420,190,1.29951063912995
nec_panel,log_new_firms,urban,100,-0.0665545522616486,**,4.10824433502215,-6.65545522616486,-1.62002419608496,0.0314951138014187,0.0361375626857191,2898,161,1.31747205663825
nec_panel,log_new_firms_construction,full,0,-0.018886369967344,***,0.0489637254369737,-1.8886369967344,-38.5721670456932,0.00474439107471798,0.0000757265352505288,12852,714,0.218588210072935
nec_panel,log_new_firms_construction,full,25,-0.0109260727091252,"",0.0616186799390616,-1.09260727091252,-17.7317539420361,0.00737017823805876,0.138879636137637,8550,475,0.24616206041385
nec_panel,log_new_firms_construction,full,50,-0.00378658614944957,"",0.0670430457585757,-0.378658614944957,-5.64799243024429,0.00969247926574288,0.696247230445452,7218,401,0.259521164710742
nec_panel,log_new_firms_construction,full,100,-0.00606783954059701,"",0.0740279272001801,-0.606783954059701,-8.19668977653376,0.0123038711380542,0.622242877529035,5634,313,0.275358259133725
nec_panel,log_new_firms_construction,rural,0,-0.00786389287962365,**,0.0195853153881723,-0.786389287962365,-40.1519849119852,0.00371690603276199,0.0349492343528752,7686,427,0.129887753681573
nec_panel,log_new_firms_construction,rural,25,-0.0094226491660127,*,0.0219458188574359,-0.94226491660127,-42.9359652844305,0.00556414958269172,0.0915754143065481,4662,259,0.138083376897288
nec_panel,log_new_firms_construction,rural,50,-0.00680007317589218,"",0.023181410951569,-0.680007317589218,-29.3341643012973,0.00656524737743869,0.301501617787616,3798,211,0.144005097043102
nec_panel,log_new_firms_construction,rural,100,-0.0118371754166899,"",0.0257597782195716,-1.18371754166899,-45.9521635465647,0.0084350543049327,0.162571107687387,2736,152,0.153029493337138
nec_panel,log_new_firms_construction,urban,0,-0.0249675644520715,**,0.0926730672168977,-2.49675644520715,-26.9415540047206,0.0114700060960427,0.0303155831038497,5166,287,0.300974673850768
nec_panel,log_new_firms_construction,urban,25,-0.0122749772028828,"",0.109189379106381,-1.22749772028828,-11.2419150134771,0.0187010237865473,0.512281566438323,3888,216,0.325972710560251
nec_panel,log_new_firms_construction,urban,50,0.000667448515745337,"",0.115752545465304,0.0667448515745337,0.57661670683985,0.0242312054865184,0.978054112656989,3420,190,0.338567339425431
nec_panel,log_new_firms_construction,urban,100,0.00372418212678991,"",0.119597856672556,0.372418212678991,3.11392045844622,0.0268023140197393,0.889664379281504,2898,161,0.347914332017912
nec_panel,log_new_firms_hospitality_food,full,0,-0.121325301250403,***,1.31731718256146,-12.1325301250403,-9.21002950971092,0.0181536499116361,0.0000000000471427858256658,12852,714,1.17283028331629
nec_panel,log_new_firms_hospitality_food,full,25,-0.0264342191428927,"",1.51562384795908,-2.64342191428927,-1.74411475370282,0.0207091256589694,0.202420574700554,8550,475,1.23878786278466
nec_panel,log_new_firms_hospitality_food,full,50,-0.0299174506311403,"",1.54998022245859,-2.99174506311403,-1.93018273379546,0.0246046140463131,0.224729262488226,7218,401,1.26677824274795
nec_panel,log_new_firms_hospitality_food,full,100,-0.017494165269555,"",1.60690748355182,-1.7494165269555,-1.0886852820479,0.0279230295315969,0.531436061880422,5634,313,1.31060616330316
nec_panel,log_new_firms_hospitality_food,rural,0,-0.0650731704823593,***,0.955722991280487,-6.50731704823593,-6.80878989791526,0.02115740898425,0.00223560701664178,7686,427,0.91235525010899
nec_panel,log_new_firms_hospitality_food,rural,25,0.0356572835413308,"",1.06529996302689,3.56572835413308,3.34715899548293,0.0260735441859859,0.172638186419295,4662,259,0.948637007018189
nec_panel,log_new_firms_hospitality_food,rural,50,0.0343298856240985,"",1.05563807854507,3.43298856240985,3.25205070959676,0.0292131890676783,0.241265313509888,3798,211,0.945417447617319
nec_panel,log_new_firms_hospitality_food,rural,100,0.0771452794307465,*,1.03329577384177,7.71452794307465,7.46594357430901,0.0422135209398698,0.0695985036678675,2736,152,0.950465606156359
nec_panel,log_new_firms_hospitality_food,urban,0,-0.148175430296887,***,1.8552987842234,-14.8175430296887,-7.98660741638502,0.0287953223802621,0.000000495700285665804,5166,287,1.30379602533688
nec_panel,log_new_firms_hospitality_food,urban,25,-0.0956069584553881,***,2.05559554331758,-9.56069584553881,-4.65105885086156,0.0306783472758111,0.00208042685964812,3888,216,1.32709671528975
nec_panel,log_new_firms_hospitality_food,urban,50,-0.113347168856832,***,2.09896018227836,-11.3347168856832,-5.40015812657281,0.037359062588524,0.00275302365967254,3420,190,1.34973203290628
nec_panel,log_new_firms_hospitality_food,urban,100,-0.0947979240043287,**,2.14845394240851,-9.47979240043287,-4.41237869395775,0.0399526121599952,0.0188434800306465,2898,161,1.37219928277833
nec_panel,log_new_firms_manufacturing,full,0,-0.0862730176496138,***,1.32742656883715,-8.62730176496138,-6.49926856030843,0.0160404595927512,0.000000101948761395102,12852,714,1.08005086354155
nec_panel,log_new_firms_manufacturing,full,25,-0.0200533613441801,"",1.4977597936089,-2.00533613441801,-1.33889035009151,0.0171925021095479,0.244038641762726,8550,475,1.13388406736375
nec_panel,log_new_firms_manufacturing,full,50,-0.0185116166897326,"",1.55383390437001,-1.85116166897326,-1.19135105996017,0.0201701346734173,0.359290458790552,7218,401,1.149720343693
nec_panel,log_new_firms_manufacturing,full,100,-0.035443270504158,"",1.60830735382889,-3.5443270504158,-2.20376226097445,0.0236971866103888,0.135749371579712,5634,313,1.18421165681783
nec_panel,log_new_firms_manufacturing,rural,0,-0.0470670020792886,**,0.973541227615681,-4.70670020792886,-4.83461827236236,0.0198322316113323,0.0180747668068357,7686,427,0.853480699927283
nec_panel,log_new_firms_manufacturing,rural,25,0.0194090718691954,"",1.0358215685961,1.94090718691954,1.87378525970467,0.0206884518818505,0.349039758398882,4662,259,0.867881721049241
nec_panel,log_new_firms_manufacturing,rural,50,0.0083102639767517,"",1.06589692740332,0.83102639767517,0.779649866990112,0.0253049730203838,0.742933158148873,3798,211,0.868649450703285
nec_panel,log_new_firms_manufacturing,rural,100,-0.027084001154182,"",1.04204489986518,-2.7084001154182,-2.59912036013861,0.0343605550988387,0.43179819076241,2736,152,0.857120052621104
nec_panel,log_new_firms_manufacturing,urban,0,-0.0987820302764001,***,1.8539389057764,-9.87820302764001,-5.32822467712503,0.0206451904040377,0.00000274728952541644,5166,287,1.16401267337542
nec_panel,log_new_firms_manufacturing,urban,25,-0.0733363289136184,***,2.05165794304554,-7.33363289136184,-3.57449101894421,0.0263966178068792,0.00594872115448779,3888,216,1.16692446871401
nec_panel,log_new_firms_manufacturing,urban,50,-0.0576685454620052,*,2.09570075773829,-5.76685454620052,-2.75175476503821,0.0311287026215667,0.0655012638892398,3420,190,1.18071554129782
nec_panel,log_new_firms_manufacturing,urban,100,-0.060272354160084,*,2.14291538490022,-6.0272354160084,-2.81263341449623,0.0338502365097485,0.0768821016221647,2898,161,1.20186045862612
nec_panel,log_new_firms_other_services,full,0,-0.0527020683871683,***,0.939648944272309,-5.27020683871683,-5.60869766399645,0.0170775976293064,0.0021069535864403,12852,714,0.94463248055028
nec_panel,log_new_firms_other_services,full,25,0.0194250806230659,"",1.09467302884575,1.94250806230659,1.77450984094749,0.0217128096263122,0.371435268835773,8550,475,0.997806427771417
nec_panel,log_new_firms_other_services,full,50,0.0276677434477179,"",1.13285276511788,2.76677434477179,2.44230709405903,0.024551755104296,0.26045395399372,7218,401,1.0171731751664
nec_panel,log_new_firms_other_services,full,100,0.0125779424811189,"",1.18058608170722,1.25779424811189,1.065398167572,0.0297313982987202,0.672548400614584,5634,313,1.05137009211017
nec_panel,log_new_firms_other_services,rural,0,0.0000259620439383571,"",0.650323361910884,0.00259620439383571,0.00399217457943865,0.0182005688865792,0.99886253258498,7686,427,0.710391094467228
nec_panel,log_new_firms_other_services,rural,25,0.0625685740214571,**,0.722709942381539,6.25685740214571,8.65749457040475,0.0241722796194621,0.0101879172892713,4662,259,0.726329634685337
nec_panel,log_new_firms_other_services,rural,50,0.0759554243108464,***,0.738958158946793,7.59554243108464,10.2787178666655,0.0279340958645731,0.00709379078183159,3798,211,0.732338108826118
nec_panel,log_new_firms_other_services,rural,100,0.106436389439476,***,0.727668258135434,10.6436389439476,14.6270485553688,0.0331498675697835,0.00161764914180162,2736,152,0.723935763813635
nec_panel,log_new_firms_other_services,urban,0,-0.0543201413078715,**,1.37010895705394,-5.43201413078715,-3.9646585060412,0.0224127613965218,0.0159868981574837,5166,287,1.07676635229501
nec_panel,log_new_firms_other_services,urban,25,-0.016127796264483,"",1.54068432233757,-1.6127796264483,-1.04679433876587,0.0298169311572955,0.589140665390526,3888,216,1.09188837973494
nec_panel,log_new_firms_other_services,urban,50,-0.0109643457612825,"",1.5702830909184,-1.09643457612825,-0.69824007051301,0.0362902228955362,0.762885581834347,3420,190,1.1066195243679
nec_panel,log_new_firms_other_services,urban,100,-0.0287576464817681,"",1.60818551762593,-2.87576464817681,-1.78820454273344,0.0426505903637128,0.501118152492665,2898,161,1.13044771386786
nec_panel,log_new_firms_size_10_50_workers,full,0,-0.0270534931137837,**,0.599538662665963,-2.70534931137837,-4.51238507179591,0.0108344339127683,0.0127496791874306,12852,714,0.758726266624031
nec_panel,log_new_firms_size_10_50_workers,full,25,-0.00442694267148531,"",0.737922484827264,-0.442694267148531,-0.599919742589439,0.013378899164851,0.740873867958811,8550,475,0.828999031804938
nec_panel,log_new_firms_size_10_50_workers,full,50,-0.0138300749048914,"",0.765985843765103,-1.38300749048914,-1.80552617485872,0.0162141157461743,0.394189109597836,7218,401,0.855282125431437
nec_panel,log_new_firms_size_10_50_workers,full,100,-0.0000233639757200479,"",0.791994111116702,-0.00233639757200479,-0.00295001886909298,0.0190332534119673,0.999021353884475,5634,313,0.894185086149976
nec_panel,log_new_firms_size_10_50_workers,rural,0,-0.0267008932649267,*,0.364504971717944,-2.67008932649267,-7.32524803134591,0.0139053485337206,0.0555014496482549,7686,427,0.522904921486004
nec_panel,log_new_firms_size_10_50_workers,rural,25,-0.0148154295816826,"",0.425012972344177,-1.48154295816826,-3.48587703099212,0.0176670736789432,0.402475744997108,4662,259,0.557143242105855
nec_panel,log_new_firms_size_10_50_workers,rural,50,-0.0244363447393779,"",0.424163515891794,-2.44363447393779,-5.76106709413729,0.0201487435619432,0.226569802790332,3798,211,0.552275479091066
nec_panel,log_new_firms_size_10_50_workers,rural,100,0.0058071676721851,"",0.375217916835121,0.58071676721851,1.54767867194809,0.0250328238449618,0.81686599105376,2736,152,0.508990292956843
nec_panel,log_new_firms_size_10_50_workers,urban,0,-0.0301327132866688,*,0.949222934564234,-3.01327132866688,-3.17446115021462,0.0182141403819242,0.0991517625625412,5166,287,0.90607255036206
nec_panel,log_new_firms_size_10_50_workers,urban,25,-0.00372010702284156,"",1.11312416877689,-0.372010702284156,-0.334204137075673,0.0232751334641167,0.873163611136201,3888,216,0.938635522053697
nec_panel,log_new_firms_size_10_50_workers,urban,50,-0.0125322399121323,"",1.14558853419283,-1.25322399121323,-1.09395647198602,0.0288795997603858,0.664821264176704,3420,190,0.965110867202475
nec_panel,log_new_firms_size_10_50_workers,urban,100,-0.000121448854667396,"",1.18547225727074,-0.0121448854667396,-0.0102447656554193,0.0313647356636424,0.996915305348098,2898,161,0.995583701509795
nec_panel,log_new_firms_size_1_worker,full,0,-0.0476921607241637,**,2.22459897110509,-4.76921607241637,-2.14385430109554,0.0185136861472671,0.0101938115040074,12852,714,1.30356987321756
nec_panel,log_new_firms_size_1_worker,full,25,-0.00780104568207282,"",2.39663646402434,-0.780104568207282,-0.32549974930172,0.0218591907395056,0.721342595032514,8550,475,1.33464329156603
nec_panel,log_new_firms_size_1_worker,full,50,-0.0103431361866808,"",2.45478247546345,-1.03431361866808,-0.42134634290674,0.0251631922842226,0.681261645383333,7218,401,1.33730716916247
nec_panel,log_new_firms_size_1_worker,full,100,-0.0231257509194193,"",2.51350065157571,-2.31257509194193,-0.920061465069517,0.0289767526901716,0.425431402368736,5634,313,1.3542652055098
nec_panel,log_new_firms_size_1_worker,rural,0,-0.00785357186905341,"",1.83344734185493,-0.785357186905341,-0.42835000982945,0.0234139868224522,0.737471713089053,7686,427,1.13590715502951
nec_panel,log_new_firms_size_1_worker,rural,25,0.0378572285907644,"",1.89730193063565,3.78572285907644,1.9953191413283,0.0277806259738485,0.174158873148997,4662,259,1.1368341391558
nec_panel,log_new_firms_size_1_worker,rural,50,0.0223423128465205,"",1.94376540923371,2.23423128465205,1.14943463549588,0.030885786000515,0.470248381250394,3798,211,1.1240134620545
nec_panel,log_new_firms_size_1_worker,rural,100,0.0361925378034041,"",1.92882174799827,3.61925378034041,1.87640655965045,0.0390687061959877,0.355725855400622,2736,152,1.1030058296517
nec_panel,log_new_firms_size_1_worker,urban,0,-0.0415863324800218,*,2.8065562731602,-4.15863324800218,-1.48175658823314,0.023285102447997,0.0751646012533027,5166,287,1.31976159155964
nec_panel,log_new_firms_size_1_worker,urban,25,-0.0448287983825541,*,2.99537555730059,-4.48287983825541,-1.49660026013411,0.0262229781471846,0.088796830558686,3888,216,1.30779647757541
nec_panel,log_new_firms_size_1_worker,urban,50,-0.0351553401177546,"",3.0222803753291,-3.51553401177546,-1.16320578344511,0.0319455323900815,0.272523756951522,3420,190,1.32653883754132
nec_panel,log_new_firms_size_1_worker,urban,100,-0.0281590719819014,"",3.06549564128856,-2.81590719819014,-0.918581374007921,0.0378455278050722,0.457935831641773,2898,161,1.33787114041303
nec_panel,log_new_firms_size_2_9_workers,full,0,-0.0324665787571666,**,2.57739350830281,-3.24665787571666,-1.25966712698619,0.0163371381459684,0.0472728190527186,12852,714,1.30154667897872
nec_panel,log_new_firms_size_2_9_workers,full,25,-0.00141672131310288,"",2.8049883535138,-0.141672131310288,-0.0505072083927964,0.0164831341380555,0.931542653416774,8550,475,1.33132077913035
nec_panel,log_new_firms_size_2_9_workers,full,50,-0.0170639923752674,"",2.85274226544646,-1.70639923752674,-0.598161024988246,0.0198925802710341,0.39151278432553,7218,401,1.34781224557225
nec_panel,log_new_firms_size_2_9_workers,full,100,-0.0195959052062657,"",2.9233355022574,-1.95959052062657,-0.670326932749724,0.0224735539695009,0.383903967791529,5634,313,1.38991531554439
nec_panel,log_new_firms_size_2_9_workers,rural,0,0.000919880496391478,"",2.11532097594894,0.0919880496391478,0.0434865680835418,0.0218567624713231,0.966449246664224,7686,427,1.06648320537101
nec_panel,log_new_firms_size_2_9_workers,rural,25,0.0419390669784231,*,2.2309204574627,4.19390669784231,1.87989969961196,0.0222635393579983,0.0607226005020394,4662,259,1.0634650116455
nec_panel,log_new_firms_size_2_9_workers,rural,50,0.00915354118304069,"",2.24098517932684,0.915354118304069,0.408460585437262,0.0263821875854415,0.728969452719864,3798,211,1.05299769491457
nec_panel,log_new_firms_size_2_9_workers,rural,100,0.032451084970218,"",2.21807871535009,3.2451084970218,1.46302675128895,0.0412722431253213,0.432942078377192,2736,152,1.05614593274773
nec_panel,log_new_firms_size_2_9_workers,urban,0,-0.0449734925788828,**,3.26486727595125,-4.49734925788828,-1.37749834151464,0.0206184850113487,0.0299813960581685,5166,287,1.31610642125706
nec_panel,log_new_firms_size_2_9_workers,urban,25,-0.0471552414625009,*,3.49333828442692,-4.71552414625009,-1.34986186916726,0.0249925637208881,0.060538742369295,3888,216,1.29338692978414
nec_panel,log_new_firms_size_2_9_workers,urban,50,-0.0518734845244107,*,3.53211460845298,-5.18734845244107,-1.46862404748329,0.0302190626327719,0.08769400288565,3420,190,1.3136823853358
nec_panel,log_new_firms_size_2_9_workers,urban,100,-0.0681214158969685,**,3.58916799672889,-6.81214158969685,-1.89797234231034,0.0332051442203943,0.0418454163843938,2898,161,1.33793374579633
nec_panel,log_new_firms_size_51plus_workers,full,0,0.0058083266943049,"",0.0840788425511963,0.58083266943049,6.90819059594947,0.00472074524474551,0.218959326718796,12852,714,0.294280870901681
nec_panel,log_new_firms_size_51plus_workers,full,25,0.00959669358194793,"",0.111487852545216,0.959669358194793,8.60783786113002,0.00738629399942738,0.194487365936385,8550,475,0.340000246233685
nec_panel,log_new_firms_size_51plus_workers,full,50,0.00290729561239909,"",0.117656646804858,0.290729561239909,2.4709998893824,0.00946942971163537,0.758988616839527,7218,401,0.353510060493338
nec_panel,log_new_firms_size_51plus_workers,full,100,0.00580179841029591,"",0.124989542117523,0.58017984102959,4.64182707769317,0.0106450895860934,0.586128380968166,5634,313,0.37269785128803
nec_panel,log_new_firms_size_51plus_workers,rural,0,-0.00137754729424649,"",0.0314610690320117,-0.137754729424649,-4.37857751383091,0.00488130563141376,0.777920482126871,7686,427,0.161862266573396
nec_panel,log_new_firms_size_51plus_workers,rural,25,-0.0000113728309561765,"",0.0384136583503424,-0.00113728309561765,-0.0296062167587719,0.00812641473202034,0.998884450891809,4662,259,0.178954416677241
nec_panel,log_new_firms_size_51plus_workers,rural,50,0.00231590103399294,"",0.0373725858446897,0.231590103399294,6.19679099438609,0.0113857464382807,0.83901659779974,3798,211,0.17748724627503
nec_panel,log_new_firms_size_51plus_workers,rural,100,0.0165067377748623,"",0.0274285358494253,1.65067377748623,60.1808928682138,0.0107019811704498,0.125069474851844,2736,152,0.148073252299667
nec_panel,log_new_firms_size_51plus_workers,urban,0,0.014145688872326,"",0.162363822665105,1.4145688872326,8.71234037246289,0.0104714300671225,0.177800318327789,5166,287,0.40772557887979
nec_panel,log_new_firms_size_51plus_workers,urban,25,0.013390284105455,"",0.199109224288144,1.3390284105455,6.72509480830334,0.0138498074609223,0.33471982163305,3888,216,0.449180805428251
nec_panel,log_new_firms_size_51plus_workers,urban,50,-0.00692486388949,"",0.206814209239572,-0.692486388949,-3.34835015202862,0.0160005812477486,0.665662048433266,3420,190,0.462272419021578
nec_panel,log_new_firms_size_51plus_workers,urban,100,-0.0166326966820485,"",0.217096827538336,-1.66326966820485,-7.66141858020075,0.0178783037155924,0.353602530524533,2898,161,0.481572812983631
nec_panel,log_new_firms_trade_retail,full,0,-0.0218659866955789,"",2.49600320853179,-2.18659866955789,-0.876040007514295,0.0162967689489362,0.180108258965765,12852,714,1.36538539784975
nec_panel,log_new_firms_trade_retail,full,25,-0.00406053700276762,"",2.69487430904308,-0.406053700276762,-0.15067630386849,0.0169291489332302,0.810546539714375,8550,475,1.39521588398061
nec_panel,log_new_firms_trade_retail,full,50,-0.0203125673871349,"",2.74625459555405,-2.03125673871349,-0.739646186483189,0.0195482150639299,0.299385515126581,7218,401,1.40358133332774
nec_panel,log_new_firms_trade_retail,full,100,-0.0249240798599678,"",2.8133860235134,-2.49240798599678,-0.885910417257358,0.0210326458911995,0.236911864114559,5634,313,1.43134133385556
nec_panel,log_new_firms_trade_retail,rural,0,0.00155915637375506,"",2.01975725618997,0.155915637375506,0.0771952356639246,0.0225156928229839,0.944825073717789,7686,427,1.15984135684767
nec_panel,log_new_firms_trade_retail,rural,25,0.03530287202226,"",2.09374331485004,3.530287202226,1.68611270406795,0.0232164133968987,0.129584887662186,4662,259,1.15180924293149
nec_panel,log_new_firms_trade_retail,rural,50,0.00425569525918891,"",2.11943761338094,0.425569525918891,0.200793608281784,0.0262563116634727,0.871396532256616,3798,211,1.13568989879838
nec_panel,log_new_firms_trade_retail,rural,100,0.0288682518439858,"",2.0892537321445,2.88682518439858,1.38174944478161,0.0334284060805204,0.389185851101701,2736,152,1.11099060395216
nec_panel,log_new_firms_trade_retail,urban,0,-0.0173300775882586,"",3.20456425957692,-1.73300775882586,-0.540793573930283,0.0212438866390037,0.415311853634636,5166,287,1.34061730665278
nec_panel,log_new_firms_trade_retail,urban,25,-0.0349691820161574,"",3.41567489930233,-3.49691820161574,-1.02378543178392,0.023863411150854,0.144275659418244,3888,216,1.31812255600754
nec_panel,log_new_firms_trade_retail,urban,50,-0.0341770805490404,"",3.44235134944103,-3.41770805490404,-0.992841144893303,0.0287268332592828,0.235646221787533,3420,190,1.34347604580695
nec_panel,log_new_firms_trade_retail,urban,100,-0.0411843379752944,"",3.49703887002317,-4.11843379752944,-1.17769174167119,0.0319772134100889,0.199630731959483,2898,161,1.36219354880414
